path,review_status,scope_and_reason,bytes,sha256
.github/workflows/pages.yml,已审查,本轮阅读或新增的完整小文件；详见问题总账,620,9d5db75ec99fd6548d5d9ed436faa00e01b40b79d58b8ea7b7b8b68f4527f5b1
.github/workflows/regression.yml,已审查,本轮阅读或新增的完整小文件；详见问题总账,1801,02dfb99cac04a294d0ef0acc603fda3e0b94886309308329ad8f0c90c9e8e111
.gitignore,部分审查,重点故障路径、生命周期和相应差异已检查；全文件审查仍保留边界,817,d39890b718de59e34c795c98d2db05dda9a4777e686b74194239cdb4b3ef6f16
CHANGELOG.md,部分审查,重点故障路径、生命周期和相应差异已检查；全文件审查仍保留边界,20058,62b8a97cee15e6cd98e208dc10f415a364677a6d67a0c5a8cd697ebb4e1fad11
LICENSE,排除,标准 AGPL-3.0 许可全文；保留原文，不作为应用代码审查,35184,e0eedba615d5cd1b986afb6c5b3a4b1ae33713e7e9dc74d19daec5e3221f9d2e
MemoSuperform.spec,部分审查,重点故障路径、生命周期和相应差异已检查；全文件审查仍保留边界,1919,70f83726b98ea05530978b021638b2fd559b0a51ac7bafdb9ea0d30755492fa0
README.md,部分审查,重点故障路径、生命周期和相应差异已检查；全文件审查仍保留边界,37635,9e5dc9312238cbf6de2210c3b15bd2a29393876cc0ab6532743dc2f675ca1998
THIRD_PARTY_NOTICES.md,部分审查,重点故障路径、生命周期和相应差异已检查；全文件审查仍保留边界,10396,1a7cd32066a89cb71104cd9854e668723d9911ccce1ca33e4c94cdca0171e6c8
_archive/legacy/MemoSuperform-Desktop.spec,排除,历史归档；不进入当前构建,889,587b397aac145672274375830b8f963435ff06ddff5ebd0113c4dd94982e7388
_archive/legacy/MemoSuperform-Web.spec,排除,历史归档；不进入当前构建,888,cd54c036f7526259858e82b794227d3b064e5b1b7bca17cc3af386d7489ff051
_archive/legacy/README.md,排除,历史归档；不进入当前构建,441,3fbbc6ee4db24a949abe8cee0a4889eb152ba16bea0c54acb2d90a4b44a57db1
_archive/legacy/easter-egg.css,排除,历史归档；不进入当前构建,1128,ecdfd420e548c9fa10e9535f5bb385c6e4ba6d689d139fb7a895cffd057487cc
_archive/legacy/easter-egg.js,排除,历史归档；不进入当前构建,2627,49dd39fdc2d62d84e09dafb41025ebe6e48f66a7421f1a9f0893a57500e7985c
app.py,已审查,本轮阅读或新增的完整小文件；详见问题总账,522,1ce24bb1140f052fad084b2a7d09e36504db27fe9e29353283489a7bee0d0d4d
app_api.py,部分审查,重点故障路径、生命周期和相应差异已检查；全文件审查仍保留边界,44897,f1a05b7d9a0b7742779e9dcaa5683c0e3297dcb378b68c53215df2c4bfd15673
app_update.py,部分审查,重点故障路径、生命周期和相应差异已检查；全文件审查仍保留边界,22778,7e29faa79bddb4bcc410b3cc37607e07cc39022ea986d1a58c71a5d11fd0fd99
build_info.py,已审查,本轮阅读或新增的完整小文件；详见问题总账,372,30542c2aeecc0d62a990d10aefa7fe594f2091d1340723e062512980ea114975
codex_auth.py,部分审查,重点故障路径、生命周期和相应差异已检查；全文件审查仍保留边界,19915,09538367b17eca08848830c006f292349e5d656469a3ba91b2a952e471909459
css/ai-toolbar.css,部分审查,已检验关联入口/数据/样式路径；完整视觉和逐行验收仍待完成,3040,e10eedd834fba84be4c7ea5d451df63926f4ba89014535efac143d8a355955b5
css/diary.css,部分审查,重点故障路径、生命周期和相应差异已检查；全文件审查仍保留边界,8157,1ff89888202c76248e6e26e18fb4378c8e4d3615e446e4f142f06b3bbfb64036
css/drag.css,部分审查,已检验关联入口/数据/样式路径；完整视觉和逐行验收仍待完成,1474,6690b2394d3f76be2e8a2728c400e47573853eb923af4c1558e2f29833a42aca
css/fonts.css,部分审查,已检验关联入口/数据/样式路径；完整视觉和逐行验收仍待完成,954155,2fd1b212391f7530bf4597bdca0e39cec43c9ff18b5483c4141a64953d4273ff
css/live2d-companion.css,部分审查,已检验关联入口/数据/样式路径；完整视觉和逐行验收仍待完成,13564,568b042a8afb575cc2c46a790aa2d5693c5745af24723e9fee6e0fa89e701e9c
css/maimemo-notebook.css,部分审查,已检验关联入口/数据/样式路径；完整视觉和逐行验收仍待完成,24741,b2d48abe213bd6f7eebfe72c24a9d28db0b9ee9adceda0d8f1eb5137ad706c21
css/maimemo-standard.css,部分审查,已检验关联入口/数据/样式路径；完整视觉和逐行验收仍待完成,4558,6daeb373749380bafdd2bf516030a02f4b74c768b7169b6cfa515ad73912fee6
css/study-web-notebook.css,部分审查,已检验关联入口/数据/样式路径；完整视觉和逐行验收仍待完成,8742,03751410f2e93302c93df6b657550364d4efb7dc9514f62b86a0dc36eeed16be
css/study-web-standard.css,部分审查,已检验关联入口/数据/样式路径；完整视觉和逐行验收仍待完成,5297,ddb59b837e8c5719b14dac760539d91774d79cec48844e9e0982ec2e18567b72
css/study-web.css,部分审查,已检验关联入口/数据/样式路径；完整视觉和逐行验收仍待完成,9904,871a212d71981c4a6ddf8d2fd583b6adb8285d2bd86d8553bc9005d4ae8065a1
css/style-anon.css,部分审查,已检验关联入口/数据/样式路径；完整视觉和逐行验收仍待完成,30926,a7217f70b648cff6b4692aa4dd1f58e7e172b5dcf7a5986d894007e42d59dac1
css/style.css,部分审查,已检验关联入口/数据/样式路径；完整视觉和逐行验收仍待完成,32995,645765d37a0ce70cfe380d7e9c817242184947d0d21a030a9236f9de9d5118d3
db.py,部分审查,重点故障路径、生命周期和相应差异已检查；全文件审查仍保留边界,40217,17ee5ec7d30b667a99f9289ee22a373da174006566c3067aa8db3beb9111317c
diagnostics.py,已审查,本轮阅读或新增的完整小文件；详见问题总账,927,10321ca1b5c2c7c6ea6b4efe5be3da220cbe6a7f65a8e18a2bc05f78751c062a
docs/maimemo-open-platform-submission.md,已审查,本轮阅读或新增的完整小文件；详见问题总账,2084,269cc38c9e39e4c76dab5a8e58bb97e56c364381874ae4a0826afd57b5d333c6
docs/quality-coverage.csv,已审查,生成的覆盖清单；摘要留空避免自引用,,
docs/quality-hardening.md,已审查,本轮阅读或新增的完整小文件；详见问题总账,15992,62c17be8bb8674fd7335415a64074d46c8f30069b04bf2fd9f0f3a5f4bee138e
docs/quality-runtime.json,已审查,本轮阅读或新增的完整小文件；详见问题总账,2266,939e279147200d81bb87436f90a7054b0496a91db582c3a069878f72f08692aa
fonts/OFL-1.1.txt,排除,第三方组件/字体/素材；记录资源摘要，未逐行审查，声明与运行另验,4537,443d13fb1a485867db69c43b6fcaff374792e3004b81e40000b57c866a800886
fonts/mplusrounded1c-400-0996b3ab8b.woff2,排除,第三方组件/字体/素材；记录资源摘要，未逐行审查，声明与运行另验,12152,4c9821281b820cf43120f7d19076adb6efee9b2222fdf3724821ff3d30d75efb
fonts/mplusrounded1c-400-09db3008e6.woff2,排除,第三方组件/字体/素材；记录资源摘要，未逐行审查，声明与运行另验,13392,c5d443177f5ce55b52563a40556ef86ddc19061a1dfadd19b44aa9a5b96a6d21
fonts/mplusrounded1c-400-0b3875165e.woff2,排除,第三方组件/字体/素材；记录资源摘要，未逐行审查，声明与运行另验,11260,fbe4990549290edd70b6403a5d2393a84a9ad0e3b8dabd1c3a9961b089d919ce
fonts/mplusrounded1c-400-0c54853882.woff2,排除,第三方组件/字体/素材；记录资源摘要，未逐行审查，声明与运行另验,13536,638633a2864147bd7ef16ecb78b49e41659691f16b02110d72f13dbed6face7b
fonts/mplusrounded1c-400-118d872c79.woff2,排除,第三方组件/字体/素材；记录资源摘要，未逐行审查，声明与运行另验,15168,4ad58dcd36cb3669a28d61152131ec3554944fec452935e22f849bcc8808131b
fonts/mplusrounded1c-400-11b5eca31e.woff2,排除,第三方组件/字体/素材；记录资源摘要，未逐行审查，声明与运行另验,13168,f0a804be14e8042b76ff65bf6b3e7df6123db6dcdd0b8b31e4ea8443fecb3d37
fonts/mplusrounded1c-400-13cad6c7f5.woff2,排除,第三方组件/字体/素材；记录资源摘要，未逐行审查，声明与运行另验,14188,012ece062354431db37539caeb21286b2b71b5c53882f5c4455f722dba5e6d10
fonts/mplusrounded1c-400-1719b6e4f6.woff2,排除,第三方组件/字体/素材；记录资源摘要，未逐行审查，声明与运行另验,12980,63382be7e2681d5c461e3516dbf7babec5434f9cc14fa87a25c80b34c8e2d184
fonts/mplusrounded1c-400-173fded025.woff2,排除,第三方组件/字体/素材；记录资源摘要，未逐行审查，声明与运行另验,12988,0707e7f034de33f78a2cb33f7ceb9ea2ff4e6daf424c7b759637199fbd39b5e6
fonts/mplusrounded1c-400-1cc1ed50b7.woff2,排除,第三方组件/字体/素材；记录资源摘要，未逐行审查，声明与运行另验,14256,21a7673f93f280470da231c8de19370a394d1b2faa61cfddccf2ec5cdd18fce1
fonts/mplusrounded1c-400-1d29af599f.woff2,排除,第三方组件/字体/素材；记录资源摘要，未逐行审查，声明与运行另验,12068,cd25cfbf521c703954b4352a4e02a511dce0c6669947f2e8c8adef63eb2f2356
fonts/mplusrounded1c-400-1e2b810f0b.woff2,排除,第三方组件/字体/素材；记录资源摘要，未逐行审查，声明与运行另验,12308,e1184bec238d3b0b2846ed3f040ceba1bbdce91bc3a2d7856dd5986134d497cb
fonts/mplusrounded1c-400-1e39d3d69e.woff2,排除,第三方组件/字体/素材；记录资源摘要，未逐行审查，声明与运行另验,2352,1eeb17c94a750203d36995b74dc72d0fe6d590994737b069380a111e3756f558
fonts/mplusrounded1c-400-1f4d454213.woff2,排除,第三方组件/字体/素材；记录资源摘要，未逐行审查，声明与运行另验,12872,52a5f58eb8ab1bc05745a666dd2e3bfe1216f4b6ed5e1232bccadadefc3b3210
fonts/mplusrounded1c-400-2036a7495d.woff2,排除,第三方组件/字体/素材；记录资源摘要，未逐行审查，声明与运行另验,7116,5098d47e898213554510ede151d18d502cf9ad94a02fca4503649347d022aedb
fonts/mplusrounded1c-400-21177f419c.woff2,排除,第三方组件/字体/素材；记录资源摘要，未逐行审查，声明与运行另验,13372,fb4e13380c594a24db276112396d74e6eb602675b6da8884d56742c20d8735f8
fonts/mplusrounded1c-400-220a81d27d.woff2,排除,第三方组件/字体/素材；记录资源摘要，未逐行审查，声明与运行另验,16680,97c27d33542967aaf36ae7a5e50ecbfdbc7166a6b23b6f6b7bc7666d71a342b4
fonts/mplusrounded1c-400-269e1c43d3.woff2,排除,第三方组件/字体/素材；记录资源摘要，未逐行审查，声明与运行另验,15136,03e71dc6b325e2fb496972c71100df5e440a7ad022772522a67b62ad2d9fb29f
fonts/mplusrounded1c-400-2705f945fe.woff2,排除,第三方组件/字体/素材；记录资源摘要，未逐行审查，声明与运行另验,12760,8ff11d1db83e75d43d526372eccf618874541fb54a73d63c3fa84e315c0ec5e4
fonts/mplusrounded1c-400-29d5e4cfa7.woff2,排除,第三方组件/字体/素材；记录资源摘要，未逐行审查，声明与运行另验,14448,e3d64f75cd926c596f2c499bf1cf37c9c3c83ecbbbebf1bce7a32b402a9c5141
fonts/mplusrounded1c-400-2b94fc791e.woff2,排除,第三方组件/字体/素材；记录资源摘要，未逐行审查，声明与运行另验,13304,86358d0428bd45c7ae29c92c413ca5df728c21afddea43aeeba03286e983d519
fonts/mplusrounded1c-400-2fc32f6368.woff2,排除,第三方组件/字体/素材；记录资源摘要，未逐行审查，声明与运行另验,29180,a7b581d666b04f743f7d8e768966156a253b11b9b53678647948bc13aead8f10
fonts/mplusrounded1c-400-3045dce2cd.woff2,排除,第三方组件/字体/素材；记录资源摘要，未逐行审查，声明与运行另验,12984,99a59101eaa84d5055eb2a7ca7c6495aa23d8365822e30cfa8cfa4077682d86d
fonts/mplusrounded1c-400-32425cbcd2.woff2,排除,第三方组件/字体/素材；记录资源摘要，未逐行审查，声明与运行另验,1780,c270910598c9334038084dbcbe37aa3004fe27698e47e4adde4f0b4976c3a0a1
fonts/mplusrounded1c-400-334b4af18d.woff2,排除,第三方组件/字体/素材；记录资源摘要，未逐行审查，声明与运行另验,12860,fe7c90a7fe7daac39aa272d6b63b77e3ccaec5d70ebebf41945aadb9b9267e05
fonts/mplusrounded1c-400-37bb2a27e5.woff2,排除,第三方组件/字体/素材；记录资源摘要，未逐行审查，声明与运行另验,15600,6e0c5a4deb3feda690da508de167e8979b590c46ebf92b8b8ee619406cc61cdc
fonts/mplusrounded1c-400-38a9462543.woff2,排除,第三方组件/字体/素材；记录资源摘要，未逐行审查，声明与运行另验,16788,112b04f49cf3d4b0491c6b19fdc39dfd929bf482542916d22f5c4b4ab156d4d1
fonts/mplusrounded1c-400-3ac16b4ddc.woff2,排除,第三方组件/字体/素材；记录资源摘要，未逐行审查，声明与运行另验,12956,db86f047aa4baf2057f270daaddeadd28c7b9a70a3306b905683bb9755a5a2c3
fonts/mplusrounded1c-400-3bc72acc7d.woff2,排除,第三方组件/字体/素材；记录资源摘要，未逐行审查，声明与运行另验,13640,808b7ffd9fd8571e5b5c6a37246245132da5dd49fd05a68daac8f75056fb393b
fonts/mplusrounded1c-400-3c26e77829.woff2,排除,第三方组件/字体/素材；记录资源摘要，未逐行审查，声明与运行另验,19172,2bdca1d334a1f9d6531dca31d8028aef956095caedb458f162e92d8da8f4b3c6
fonts/mplusrounded1c-400-3e03f92dac.woff2,排除,第三方组件/字体/素材；记录资源摘要，未逐行审查，声明与运行另验,14112,daa9d29b8449f9ce5d4913209538305d44a877040b62fd936d350ee52c76529f
fonts/mplusrounded1c-400-3e276a2981.woff2,排除,第三方组件/字体/素材；记录资源摘要，未逐行审查，声明与运行另验,2012,944117b506c7345251159c8fc8f692184f8ce7fa92b0c7edb08da104e26687f6
fonts/mplusrounded1c-400-4a472dc4cf.woff2,排除,第三方组件/字体/素材；记录资源摘要，未逐行审查，声明与运行另验,14692,301b4b7e8f029d373806ce570d932d7198c6349f85c5a620ecbe91fe0f9fe7d4
fonts/mplusrounded1c-400-4a5d737dfd.woff2,排除,第三方组件/字体/素材；记录资源摘要，未逐行审查，声明与运行另验,13396,cdd7274c7d869d34b377107ac0835c0d47adda5af19d5aacdfe7be97540507ff
fonts/mplusrounded1c-400-4c749d7dac.woff2,排除,第三方组件/字体/素材；记录资源摘要，未逐行审查，声明与运行另验,13640,d60d29c91dddadaf9aa26b285f1649f1e3ebda9ebf8b244a5518059450dbfe82
fonts/mplusrounded1c-400-4fd5967e9c.woff2,排除,第三方组件/字体/素材；记录资源摘要，未逐行审查，声明与运行另验,13332,966050880cada0e796382678db6aa3ddb947fea2f74d39ca4228c84fd4cf39d3
fonts/mplusrounded1c-400-508ea18b15.woff2,排除,第三方组件/字体/素材；记录资源摘要，未逐行审查，声明与运行另验,12900,9b82399e4e5e63b33337c4237cd2adbcd12f92acd68756a0a579989702f1bc7d
fonts/mplusrounded1c-400-50e87655dc.woff2,排除,第三方组件/字体/素材；记录资源摘要，未逐行审查，声明与运行另验,15520,321cfaee9f7ef60a4ceefdb88c138e2ba653170a0e5e9314ba10703a21e12e9d
fonts/mplusrounded1c-400-535084aad9.woff2,排除,第三方组件/字体/素材；记录资源摘要，未逐行审查，声明与运行另验,16292,875b11b9e63286709d7333963aa4c4dd8c05eefde8514eea093b147fb74f55b7
fonts/mplusrounded1c-400-556027b889.woff2,排除,第三方组件/字体/素材；记录资源摘要，未逐行审查，声明与运行另验,15352,79294e1d0f77c23b84e547d9a6daee43d0f6ee632dbf2f4029df6aa391a0b902
fonts/mplusrounded1c-400-577ed5e720.woff2,排除,第三方组件/字体/素材；记录资源摘要，未逐行审查，声明与运行另验,13540,8f47280337c71420a6632995b4259d7131da2914aac7864efc74342ada8cdf28
fonts/mplusrounded1c-400-5787346784.woff2,排除,第三方组件/字体/素材；记录资源摘要，未逐行审查，声明与运行另验,12712,c2e525a4d0bb4522b3f0f6c10a183d00b88690838e9f0f5bd7c4a0b4214c9867
fonts/mplusrounded1c-400-58fb1ec672.woff2,排除,第三方组件/字体/素材；记录资源摘要，未逐行审查，声明与运行另验,12352,04802477db6091882feaca418d1d6bf95cea142051ac50483f92e477d1bb55bd
fonts/mplusrounded1c-400-5c806b0e66.woff2,排除,第三方组件/字体/素材；记录资源摘要，未逐行审查，声明与运行另验,7888,0d51fd5ce6dcf7b9968e359076b80c697d26c95d2a4c5072e25dc0c5716e31fe
fonts/mplusrounded1c-400-5e2f021ced.woff2,排除,第三方组件/字体/素材；记录资源摘要，未逐行审查，声明与运行另验,3276,8a4c3d010544659e89f695450fe64fb4af98bdd8bf0631026b0a4620d10176da
fonts/mplusrounded1c-400-6364660a25.woff2,排除,第三方组件/字体/素材；记录资源摘要，未逐行审查，声明与运行另验,12724,1569f35f88eb8aece502e68e3f38030c9ded499c3418e6c595b3ade954b557f4
fonts/mplusrounded1c-400-6676638c36.woff2,排除,第三方组件/字体/素材；记录资源摘要，未逐行审查，声明与运行另验,13368,4f9ca4d805e015271dd1d65dfc6905b02023c00fc1cfebdbad43a6736e493cbd
fonts/mplusrounded1c-400-6697dc6bea.woff2,排除,第三方组件/字体/素材；记录资源摘要，未逐行审查，声明与运行另验,7036,405b93bbac1eb741713dc4529e5e8277ce96521d780fd6ce244e3f2aef31a715
fonts/mplusrounded1c-400-687c541a20.woff2,排除,第三方组件/字体/素材；记录资源摘要，未逐行审查，声明与运行另验,13820,5ef2a810887662471f379c20cd2aa45ab809a39ea05d46b9c000edcc0dab787b
fonts/mplusrounded1c-400-68f03c9c66.woff2,排除,第三方组件/字体/素材；记录资源摘要，未逐行审查，声明与运行另验,11088,965d208cadef90e20be89093ab3f65ff538b13a929642e5001fa5294ece02e1b
fonts/mplusrounded1c-400-6954dd6cf9.woff2,排除,第三方组件/字体/素材；记录资源摘要，未逐行审查，声明与运行另验,13332,7e0565448a6ea9417b38dfa6ddc5585a5fef932feb089ccee9999bcb1b3c2bdd
fonts/mplusrounded1c-400-6cf81a3db2.woff2,排除,第三方组件/字体/素材；记录资源摘要，未逐行审查，声明与运行另验,13796,5d537675c0573cdba46712bc63123bc0dd075587955ff6653d28c9e34345defd
fonts/mplusrounded1c-400-6ddb32b80b.woff2,排除,第三方组件/字体/素材；记录资源摘要，未逐行审查，声明与运行另验,17176,f0153dcbce5e0fad09707131c9d36d741ff769f83c52fedfdd102ba1d0fa5091
fonts/mplusrounded1c-400-70c0108cd3.woff2,排除,第三方组件/字体/素材；记录资源摘要，未逐行审查，声明与运行另验,16440,b4e2070dfd45dcd4b587f66553d5fae70c2158b294cb30822cc6fba41148029f
fonts/mplusrounded1c-400-73204d85c4.woff2,排除,第三方组件/字体/素材；记录资源摘要，未逐行审查，声明与运行另验,4948,9fc648641906753a256499889a8335be417eb44729105ae80b55a03e3aa847ac
fonts/mplusrounded1c-400-75e4ae80fa.woff2,排除,第三方组件/字体/素材；记录资源摘要，未逐行审查，声明与运行另验,14680,8b4296143f132f75cfbecaaa26478f1857d2935fcf6ed692fe17d8aca442709d
fonts/mplusrounded1c-400-768d2dfc02.woff2,排除,第三方组件/字体/素材；记录资源摘要，未逐行审查，声明与运行另验,6272,33dd5629d3a6e7a385bbcdb7cde31e5abccfdf597611df29feba79fc8a49d1b0
fonts/mplusrounded1c-400-777193da38.woff2,排除,第三方组件/字体/素材；记录资源摘要，未逐行审查，声明与运行另验,13232,1c6b3c4ed1a18df2d9224303c15a0918ed3f74b1c1474a67b1f2fc61112f96bf
fonts/mplusrounded1c-400-77af3baf73.woff2,排除,第三方组件/字体/素材；记录资源摘要，未逐行审查，声明与运行另验,13380,336fbaaa82d1f6ee11680248ca547ed68e237e5bba3401cf9d14b3e51a99b58c
fonts/mplusrounded1c-400-79a581de4a.woff2,排除,第三方组件/字体/素材；记录资源摘要，未逐行审查，声明与运行另验,13112,610e80b222f39e99cec22bcdf95a9cba53973de64df90e7e93c3062f084c7e05
fonts/mplusrounded1c-400-7a62b2c606.woff2,排除,第三方组件/字体/素材；记录资源摘要，未逐行审查，声明与运行另验,12032,44e879bf0448fa41049aceef8b8a295772e1203976caeef684a5da53ccce1932
fonts/mplusrounded1c-400-7d5a98299d.woff2,排除,第三方组件/字体/素材；记录资源摘要，未逐行审查，声明与运行另验,8328,df9f349c91b9c16becb375b7fb2cd1cc8d9757da7ac386f652f7d96a58a1b8c8
fonts/mplusrounded1c-400-7d860f56d6.woff2,排除,第三方组件/字体/素材；记录资源摘要，未逐行审查，声明与运行另验,15488,6ad5bda79b2351d6ccda9ca1313e51d82358bbbd6d5ef19d4fbf142f7bc0d266
fonts/mplusrounded1c-400-847108739f.woff2,排除,第三方组件/字体/素材；记录资源摘要，未逐行审查，声明与运行另验,11312,51a6ada9abe2bceb329e1fc552b1d4afb74a620b2c37e93bec3b19c50080d858
fonts/mplusrounded1c-400-88fe4d3593.woff2,排除,第三方组件/字体/素材；记录资源摘要，未逐行审查，声明与运行另验,1588,70d77d3e1b0df3cf3855e2a6b2c511b4698eea5b360c9fa31fbc9693d03bb893
fonts/mplusrounded1c-400-89ca85f417.woff2,排除,第三方组件/字体/素材；记录资源摘要，未逐行审查，声明与运行另验,11572,8ec70e5e60a1b7a710112a47b675c74dd8355bff811b4a5e355ac057db0664be
fonts/mplusrounded1c-400-8a394c42d8.woff2,排除,第三方组件/字体/素材；记录资源摘要，未逐行审查，声明与运行另验,13200,725f2ed5cafec55f5915dfe9e0244bdf64e739147925010f810a9ca7016abd85
fonts/mplusrounded1c-400-8b7a4d96eb.woff2,排除,第三方组件/字体/素材；记录资源摘要，未逐行审查，声明与运行另验,14760,9480155f8e61cb314b83f7d007f80b4cfcaed65caabe81a585148689d660ccf9
fonts/mplusrounded1c-400-8bd955c385.woff2,排除,第三方组件/字体/素材；记录资源摘要，未逐行审查，声明与运行另验,17308,3df629ead293046e62f5a94aac93610b74ed9d37a601da8d24068a62dcaf4a79
fonts/mplusrounded1c-400-8bdf1dc113.woff2,排除,第三方组件/字体/素材；记录资源摘要，未逐行审查，声明与运行另验,12772,9ae8c0a6b78cc8b7ea5d93b24e2fc4500d0dedc22abe574e03b66bb456175a22
fonts/mplusrounded1c-400-8d57626cbd.woff2,排除,第三方组件/字体/素材；记录资源摘要，未逐行审查，声明与运行另验,16884,eca6c545893df1fdf1b31b3d04258df8dec67af585b7f09caab0d58d43dde55c
fonts/mplusrounded1c-400-8d7573e959.woff2,排除,第三方组件/字体/素材；记录资源摘要，未逐行审查，声明与运行另验,12864,87efd6a7fe61bc693efebbe703fac98816c2630a58db14426276333f793d4864
fonts/mplusrounded1c-400-9167175fb3.woff2,排除,第三方组件/字体/素材；记录资源摘要，未逐行审查，声明与运行另验,13944,562dbd2ff1661a7af1ffd4730dd51c5c8e0fa325a50f7ea074e91d4f09f3cc72
fonts/mplusrounded1c-400-91d0b2c9d8.woff2,排除,第三方组件/字体/素材；记录资源摘要，未逐行审查，声明与运行另验,17044,017a0b4b566240e141b1dd443904ddada13aac274b8753657baa3574b05c2948
fonts/mplusrounded1c-400-92907d2dc6.woff2,排除,第三方组件/字体/素材；记录资源摘要，未逐行审查，声明与运行另验,12412,66f704ed7f7df58e46ab48a9467f7c6ef73e60acf93fc079247767d73166a6bb
fonts/mplusrounded1c-400-94bfd3e730.woff2,排除,第三方组件/字体/素材；记录资源摘要，未逐行审查，声明与运行另验,6168,060e838a11f550d3317c06b951bb97b32fb1211c2cf96980e14e13946d97d260
fonts/mplusrounded1c-400-97a5b3040b.woff2,排除,第三方组件/字体/素材；记录资源摘要，未逐行审查，声明与运行另验,13616,8eb5a1f98d80eff93dfe29dfcbf836bf3f5761f66d23afafef25b6dc511a9fad
fonts/mplusrounded1c-400-9d79faa959.woff2,排除,第三方组件/字体/素材；记录资源摘要，未逐行审查，声明与运行另验,12352,cd962147add001637b36ffb6bc7f32387c97d1932120763df277f7e4d422bb6b
fonts/mplusrounded1c-400-a106a4aedd.woff2,排除,第三方组件/字体/素材；记录资源摘要，未逐行审查，声明与运行另验,15488,920f6b244273a2ea15a14c09d85cecaf4e6d0fae8593e5473a74e5bf71f11128
fonts/mplusrounded1c-400-a17ece9d36.woff2,排除,第三方组件/字体/素材；记录资源摘要，未逐行审查，声明与运行另验,13828,fcaf67b47d23c1c2bbc060a15881bc49bceee075c6fb76c101fe90ea4f433bc5
fonts/mplusrounded1c-400-a33165582e.woff2,排除,第三方组件/字体/素材；记录资源摘要，未逐行审查，声明与运行另验,14948,d0b537b23638b3a86a842b8f418689fb0a2273269cf41765ffd2433c7ce84a97
fonts/mplusrounded1c-400-a48ea37ae1.woff2,排除,第三方组件/字体/素材；记录资源摘要，未逐行审查，声明与运行另验,10524,1336f9eb8dc153570a1b28294c298773395acbb94b1a3da7763b928007166f3b
fonts/mplusrounded1c-400-a5e03c6bfb.woff2,排除,第三方组件/字体/素材；记录资源摘要，未逐行审查，声明与运行另验,13708,2f5a400bfeded155542bba261a0e68c5c1df12f22ac0628598ba5b6ebaed3f80
fonts/mplusrounded1c-400-a6e49d7c5d.woff2,排除,第三方组件/字体/素材；记录资源摘要，未逐行审查，声明与运行另验,9204,e281d849b80d9a0dae32cc1d09ac4ff2b7f7ec0215c05a9ca99e9e7315b168f6
fonts/mplusrounded1c-400-a71cb6755d.woff2,排除,第三方组件/字体/素材；记录资源摘要，未逐行审查，声明与运行另验,16408,239273173501e3d166349dd9f5bd3b560f1dd99aa58de862d6281cd230b6865a
fonts/mplusrounded1c-400-aa8ebc742c.woff2,排除,第三方组件/字体/素材；记录资源摘要，未逐行审查，声明与运行另验,13180,b9f8198b04efe96e06038f0dde7cffae3981f48c1b3ba19f0c1c42492cc27252
fonts/mplusrounded1c-400-ab0354b195.woff2,排除,第三方组件/字体/素材；记录资源摘要，未逐行审查，声明与运行另验,8648,78a12b0a193c438017fe996d5cdadba0c71f379999fc6b50b0ed3b4f807bfa27
fonts/mplusrounded1c-400-ab0f2dc4a9.woff2,排除,第三方组件/字体/素材；记录资源摘要，未逐行审查，声明与运行另验,15164,e1e440570d33c021da985e270d5207b5e1f723587575d8612560e4d2dad2f7b2
fonts/mplusrounded1c-400-ac91d8cb0e.woff2,排除,第三方组件/字体/素材；记录资源摘要，未逐行审查，声明与运行另验,12652,7ef1c1b7a2ca2a3081ff0aeebde7cfdb6b045b30d7536b73d4ac51e83862d49a
fonts/mplusrounded1c-400-b03a0ab8bc.woff2,排除,第三方组件/字体/素材；记录资源摘要，未逐行审查，声明与运行另验,12072,4e53edb01cf81b15c3f573b75d4a5e4d6a2411f3a98a71a60e825244c194f10b
fonts/mplusrounded1c-400-b0b4413b32.woff2,排除,第三方组件/字体/素材；记录资源摘要，未逐行审查，声明与运行另验,22084,0fc4b05c6ef358faab5647c880994d8f8c6ec0f57a0e786637db88d3848e77ac
fonts/mplusrounded1c-400-bbef513e89.woff2,排除,第三方组件/字体/素材；记录资源摘要，未逐行审查，声明与运行另验,12872,c48de76b6d9a7ed3317807360b2a25d8912fb91856448e1561ba37ef6fd966d5
fonts/mplusrounded1c-400-bd1b93cc61.woff2,排除,第三方组件/字体/素材；记录资源摘要，未逐行审查，声明与运行另验,14268,9f7a6a06ccdafbe1f95f6450146d4bf100a3647897d70c4c116626b035061901
fonts/mplusrounded1c-400-c18313a5cd.woff2,排除,第三方组件/字体/素材；记录资源摘要，未逐行审查，声明与运行另验,11344,910f9fc1489dbe8e4855065d3142522f9d85a182be53aac565d39c797ab9d2b5
fonts/mplusrounded1c-400-c34d4bad9b.woff2,排除,第三方组件/字体/素材；记录资源摘要，未逐行审查，声明与运行另验,12192,c356cef250723afefdc7cdbf8159c1202a27851cd1b4a6a7f99227c72df7a3ba
fonts/mplusrounded1c-400-c560fc1275.woff2,排除,第三方组件/字体/素材；记录资源摘要，未逐行审查，声明与运行另验,4216,37648cb380092cb54a125675a4074d2b2e077891cc1a9ae28b19f2dff2f8e1c5
fonts/mplusrounded1c-400-ca1f1c95ac.woff2,排除,第三方组件/字体/素材；记录资源摘要，未逐行审查，声明与运行另验,11672,dc592c5704a7d25f27f9be86bc85fc48dcd59a71c05c7b3aae82e277de6f336e
fonts/mplusrounded1c-400-ccc54e5844.woff2,排除,第三方组件/字体/素材；记录资源摘要，未逐行审查，声明与运行另验,2872,1c975b5d11e2106bacb971f2ec12d203c1ed0cdb59be3f53b9ccb48fa2438377
fonts/mplusrounded1c-400-cf7485eed1.woff2,排除,第三方组件/字体/素材；记录资源摘要，未逐行审查，声明与运行另验,11408,56baf3c9ded27987f540e1020252c46e4d606cf9d9db6d55997111a5c9d64645
fonts/mplusrounded1c-400-d0bb0653fe.woff2,排除,第三方组件/字体/素材；记录资源摘要，未逐行审查，声明与运行另验,13000,1733e1769a80b766ae5b954c89a23a63710e931d15568b7cbe7098d543211728
fonts/mplusrounded1c-400-d2711b9838.woff2,排除,第三方组件/字体/素材；记录资源摘要，未逐行审查，声明与运行另验,14696,8bcc48d314e44453988196b8f62c8ee7d4ede4124be5c969245e309a419f3887
fonts/mplusrounded1c-400-d31f5744b5.woff2,排除,第三方组件/字体/素材；记录资源摘要，未逐行审查，声明与运行另验,8272,9e672d1452dd8b05651d25f9c592a4dff081e94b5da3169e63323eeeff9d4404
fonts/mplusrounded1c-400-d8db84bae3.woff2,排除,第三方组件/字体/素材；记录资源摘要，未逐行审查，声明与运行另验,16592,a6f9f4d0a284c82b3c85fd3cfead8c555794e6d618f213a2eb64a4a30766f5f4
fonts/mplusrounded1c-400-da6fed89a4.woff2,排除,第三方组件/字体/素材；记录资源摘要，未逐行审查，声明与运行另验,7944,8c566ee740bc4783ceaf3fb095bed96f0a9bbae41bbf56ef2a14509ad14e32f5
fonts/mplusrounded1c-400-dc7abf7dfe.woff2,排除,第三方组件/字体/素材；记录资源摘要，未逐行审查，声明与运行另验,14300,785d8e74c5a9c3edb689b6f484c6f8acbd0b78a057f5a7bb20dfb1f7147882ce
fonts/mplusrounded1c-400-dcb8a578cf.woff2,排除,第三方组件/字体/素材；记录资源摘要，未逐行审查，声明与运行另验,15364,3a1690dc80d394cd4b7b074af72e83718052d5de8ebba8a23d062044c3df29dc
fonts/mplusrounded1c-400-dfce2e7196.woff2,排除,第三方组件/字体/素材；记录资源摘要，未逐行审查，声明与运行另验,16340,06a64d90fdb505e7a21126e65da9005a79cc1137a17195fff66b307b069564df
fonts/mplusrounded1c-400-e00f1f2329.woff2,排除,第三方组件/字体/素材；记录资源摘要，未逐行审查，声明与运行另验,13912,e1128777762cf40e1330cac8ab2370722ed4c1df2e3f74d351fcc0328ed2205c
fonts/mplusrounded1c-400-e0bddb112a.woff2,排除,第三方组件/字体/素材；记录资源摘要，未逐行审查，声明与运行另验,15912,0d29fc6f5930faa0f02492d79a3ebea2e233fdb14fb6e5695484b22abac71c89
fonts/mplusrounded1c-400-e23c1fab83.woff2,排除,第三方组件/字体/素材；记录资源摘要，未逐行审查，声明与运行另验,10388,51905e01a82a5c8ffce9412d5b3a506bf00df2c06f32efd11a8e5bab07055828
fonts/mplusrounded1c-400-e45c29f932.woff2,排除,第三方组件/字体/素材；记录资源摘要，未逐行审查，声明与运行另验,15112,5235e8fbef8458e44c3cc75f099a75087d09742163d82ba3685429a61fc10b00
fonts/mplusrounded1c-400-e686f838a3.woff2,排除,第三方组件/字体/素材；记录资源摘要，未逐行审查，声明与运行另验,16176,a7ef99f1694a97966e6aab3ed67a8c45b23207b9521147d378a00a12f42d0567
fonts/mplusrounded1c-400-e7d1a4ed20.woff2,排除,第三方组件/字体/素材；记录资源摘要，未逐行审查，声明与运行另验,11332,931adf8554bb752b494a3834beb443cd24b2f1dc1cc8c3b088964a8c3649174e
fonts/mplusrounded1c-400-ea6687c563.woff2,排除,第三方组件/字体/素材；记录资源摘要，未逐行审查，声明与运行另验,11052,bc5d16af1c0aad4a10cfe5db57fb25cea0b67aa6d18e98fcf5178cb19816e3cc
fonts/mplusrounded1c-400-eb7d16534b.woff2,排除,第三方组件/字体/素材；记录资源摘要，未逐行审查，声明与运行另验,18340,fb1b451e4c75ba284c70bebb113f52647d68f16da555cbcc700cc5c5103cc8aa
fonts/mplusrounded1c-400-ec9f950aa2.woff2,排除,第三方组件/字体/素材；记录资源摘要，未逐行审查，声明与运行另验,13612,53a1083b987669f6ea89443d1f7cebbad38efe91bfe4a1ab4d31fa6282ea168d
fonts/mplusrounded1c-400-f019c341fb.woff2,排除,第三方组件/字体/素材；记录资源摘要，未逐行审查，声明与运行另验,12748,babcbf37af326859822e67f856bba079376a8372d81d3781e48a28b993042d01
fonts/mplusrounded1c-400-f3cac38359.woff2,排除,第三方组件/字体/素材；记录资源摘要，未逐行审查，声明与运行另验,12624,4f102cca998d295786c2163cc1ae8e1991fb3d20bb326e4ecafb8a07591b473b
fonts/mplusrounded1c-400-f59269b605.woff2,排除,第三方组件/字体/素材；记录资源摘要，未逐行审查，声明与运行另验,11584,1681a68c6e248c015f0eb52813032215db6cc1a1d874ddd50d1426b09b9f5970
fonts/mplusrounded1c-400-f606034a36.woff2,排除,第三方组件/字体/素材；记录资源摘要，未逐行审查，声明与运行另验,36732,34eb71eeee3fbaf3df2843d3e73a57f8ba992278e167a4dee7ae45907f938199
fonts/mplusrounded1c-400-f687a3f0d4.woff2,排除,第三方组件/字体/素材；记录资源摘要，未逐行审查，声明与运行另验,13132,38fa647f8febc51bc8bf4d8079cf94d35855c2cc8e4677ec69a1ad5bf921d6f9
fonts/mplusrounded1c-400-f8586475ef.woff2,排除,第三方组件/字体/素材；记录资源摘要，未逐行审查，声明与运行另验,12260,e502ec6afe57cb476a9100aae76314706fb55f07f10f4fb735c2725060ec08b2
fonts/mplusrounded1c-400-faad529ebf.woff2,排除,第三方组件/字体/素材；记录资源摘要，未逐行审查，声明与运行另验,12416,1622c9f787b01f996ee5aff23afab2d48c8382665040e00beeda3c95048713ad
fonts/mplusrounded1c-400-fe1b3c5d7d.woff2,排除,第三方组件/字体/素材；记录资源摘要，未逐行审查，声明与运行另验,12488,c2fce69a2c1784f8563a4c18213a6522f5e94bed69445ca8c28fc5697aa835d6
fonts/mplusrounded1c-400-fe40d430fa.woff2,排除,第三方组件/字体/素材；记录资源摘要，未逐行审查，声明与运行另验,11012,c56384af0ffea14775867a3b9f865bedf6b269f019a7e6e81f86fcb7ce7ec97d
fonts/mplusrounded1c-400-fe95c8c14d.woff2,排除,第三方组件/字体/素材；记录资源摘要，未逐行审查，声明与运行另验,9040,d8c8d3f232d65eee55b873e554c56f64a3ef2b554fd671616060f4eb43537da9
fonts/mplusrounded1c-500-024fdb04d5.woff2,排除,第三方组件/字体/素材；记录资源摘要，未逐行审查，声明与运行另验,16632,ddbd212da60495af46d009d8b25d08ff4f3db5153182618874697869e49f5571
fonts/mplusrounded1c-500-073f899396.woff2,排除,第三方组件/字体/素材；记录资源摘要，未逐行审查，声明与运行另验,12048,46e58b5f13d13c0139bf6ea16a2fa02d406fcc0599ca83315d684b74d757df52
fonts/mplusrounded1c-500-076fda8449.woff2,排除,第三方组件/字体/素材；记录资源摘要，未逐行审查，声明与运行另验,14608,7f328e26cb812860ea0cb1268074bb9610a6be603cccb806363b2804595c5df9
fonts/mplusrounded1c-500-0795296c53.woff2,排除,第三方组件/字体/素材；记录资源摘要，未逐行审查，声明与运行另验,14040,b85d22f547a619bdfc756f426d39532ec31ab9237975f145c2a40862ae5b696f
fonts/mplusrounded1c-500-0ac1392fa3.woff2,排除,第三方组件/字体/素材；记录资源摘要，未逐行审查，声明与运行另验,2904,e4daf039502700c5696fd71797aeb9ab6d553742528d68adba28ae57572e8953
fonts/mplusrounded1c-500-1455229179.woff2,排除,第三方组件/字体/素材；记录资源摘要，未逐行审查，声明与运行另验,8444,c6c3517d3efa42a5dbd11cfb03216c2baee12d02cd1e2029f998b84b88ae5048
fonts/mplusrounded1c-500-14e59f6d32.woff2,排除,第三方组件/字体/素材；记录资源摘要，未逐行审查，声明与运行另验,13112,6a415f8eac3ac479652899a5bc4b8abf3cd828abb758a873bbb5717a618545b7
fonts/mplusrounded1c-500-14e83581d5.woff2,排除,第三方组件/字体/素材；记录资源摘要，未逐行审查，声明与运行另验,17072,27886a41f965f08fc1d630e5add8ea56d0f891b0c0035de7b4a235804b983ac5
fonts/mplusrounded1c-500-14ed91474f.woff2,排除,第三方组件/字体/素材；记录资源摘要，未逐行审查，声明与运行另验,13924,dbe82473883bbc7731bcc97ee49a4ac3f734491bcd4ef54eeec9c1cca5c4d78d
fonts/mplusrounded1c-500-169aed688d.woff2,排除,第三方组件/字体/素材；记录资源摘要，未逐行审查，声明与运行另验,12964,800ad59e7f86a2fe503c3a7baace4ee4ec3a33c157ee405acbbc39687817ab50
fonts/mplusrounded1c-500-1b896a6b99.woff2,排除,第三方组件/字体/素材；记录资源摘要，未逐行审查，声明与运行另验,13352,66da7068547eae0eee2dc7fa9fdbeb31e43b0b2cf56d202d36ecf94e61f13ad1
fonts/mplusrounded1c-500-1c89505a7f.woff2,排除,第三方组件/字体/素材；记录资源摘要，未逐行审查，声明与运行另验,14800,e0c6641ed8e8fb090a7da836e3dc9881d1db22dfbd38261349c7342c52395984
fonts/mplusrounded1c-500-1c8c4d55c1.woff2,排除,第三方组件/字体/素材；记录资源摘要，未逐行审查，声明与运行另验,14024,cdffe07556fc6199a3581b22656e4eaa08ab232dcefe0b0ff5837c6f765acbd7
fonts/mplusrounded1c-500-1d204828ab.woff2,排除,第三方组件/字体/素材；记录资源摘要，未逐行审查，声明与运行另验,8452,a9aa2617800348d3d3f1a11da580f7042e10ab2ffccfe95e2f880fd9b2480160
fonts/mplusrounded1c-500-1e9d8ad160.woff2,排除,第三方组件/字体/素材；记录资源摘要，未逐行审查，声明与运行另验,13724,352e188352a9cfc15b7539c3bc7589529cc65a70a981995c5a78130d1ddc8dfe
fonts/mplusrounded1c-500-20879d83c2.woff2,排除,第三方组件/字体/素材；记录资源摘要，未逐行审查，声明与运行另验,13608,c94ba93ff856b401cbb2944b4dc7b8a8b66319f7e161e78532458619ab9673a4
fonts/mplusrounded1c-500-24b6da420f.woff2,排除,第三方组件/字体/素材；记录资源摘要，未逐行审查，声明与运行另验,9360,4e6ab1597d3f7a8267d0d0b933f897bf55fec9048af370925d96eaaae7f50365
fonts/mplusrounded1c-500-261cb7b0a2.woff2,排除,第三方组件/字体/素材；记录资源摘要，未逐行审查，声明与运行另验,15040,dee8d7f4891678afb5a511ec18867f4142f87d1548ea8d8e26b4d5758a03b530
fonts/mplusrounded1c-500-28a0c201c8.woff2,排除,第三方组件/字体/素材；记录资源摘要，未逐行审查，声明与运行另验,16888,dbf37a7cf47c24c6912dcbfecaf90390fcf761b0520421ec21668bcdbfa0e3fe
fonts/mplusrounded1c-500-29b5a27808.woff2,排除,第三方组件/字体/素材；记录资源摘要，未逐行审查，声明与运行另验,7928,b2e580ad0bcb33f681ea0a99b183c489b9e5a7c9af190266e4308a1a5d19c4f1
fonts/mplusrounded1c-500-2e61a8be1a.woff2,排除,第三方组件/字体/素材；记录资源摘要，未逐行审查，声明与运行另验,13320,fb542920c3e756775080997d29bb4da188b34dbba8d560f907b119db3afea442
fonts/mplusrounded1c-500-2f0adfc32f.woff2,排除,第三方组件/字体/素材；记录资源摘要，未逐行审查，声明与运行另验,14772,51867ea23f1fee6f6e1ce509557b1808c4f786daf314e3e12e4d880bdc81017b
fonts/mplusrounded1c-500-318ea4057a.woff2,排除,第三方组件/字体/素材；记录资源摘要，未逐行审查，声明与运行另验,13800,b9508bb7c59d3104fe056de5c395d7dea15165d4fbdf8f5da822dbeff44028f3
fonts/mplusrounded1c-500-31c85bfeb7.woff2,排除,第三方组件/字体/素材；记录资源摘要，未逐行审查，声明与运行另验,14648,1859e78c739b4da2c8730271c83617572ebc7904ed8549055f937969891f780b
fonts/mplusrounded1c-500-34cda3b4c7.woff2,排除,第三方组件/字体/素材；记录资源摘要，未逐行审查，声明与运行另验,11896,dddaa81249da7abae95cff69ea6b7d41c8b7373380b310492050df456af9e775
fonts/mplusrounded1c-500-366db1a3f8.woff2,排除,第三方组件/字体/素材；记录资源摘要，未逐行审查，声明与运行另验,12736,ef789c3a0d517c470fe4ee814e0c5203f1d0814f9772cb62e855461ea6aeca71
fonts/mplusrounded1c-500-392f62ee67.woff2,排除,第三方组件/字体/素材；记录资源摘要，未逐行审查，声明与运行另验,16616,69489b8aa78bb586e15d149ea5875925e6731a3e82d8d1907ed4cd3fbafab97b
fonts/mplusrounded1c-500-398b31a4c1.woff2,排除,第三方组件/字体/素材；记录资源摘要，未逐行审查，声明与运行另验,30004,b428d3830c515d2b9b6a11f16822feb76bef5b0183ba72bbcd8c08cde059653c
fonts/mplusrounded1c-500-3b6e6df338.woff2,排除,第三方组件/字体/素材；记录资源摘要，未逐行审查，声明与运行另验,8532,a0dc52ba5417c5ac1d1dbb282bbc60c37d31b29806ae22e6e4562373ac0ac050
fonts/mplusrounded1c-500-3e16e5927c.woff2,排除,第三方组件/字体/素材；记录资源摘要，未逐行审查，声明与运行另验,2044,282daa7cb1b5816fb86c7a987381876238afd4c9dfece5c9da408a7dbb07a7fe
fonts/mplusrounded1c-500-3f5422829f.woff2,排除,第三方组件/字体/素材；记录资源摘要，未逐行审查，声明与运行另验,1560,7a6427fcaaa1a6100a4ba7cd85c02b658b7f8eb87b35bcf31931cd62c71c7cf1
fonts/mplusrounded1c-500-42128e9a59.woff2,排除,第三方组件/字体/素材；记录资源摘要，未逐行审查，声明与运行另验,15640,15da93b456468038c5226af15165c213baaa44b91399d7f68dc2955db82c2ebb
fonts/mplusrounded1c-500-452481a624.woff2,排除,第三方组件/字体/素材；记录资源摘要，未逐行审查，声明与运行另验,13680,16f9f9038b3778b4cd89b8c6f46a40097b080e94efe83b94b33813107e66e72b
fonts/mplusrounded1c-500-4577d193c5.woff2,排除,第三方组件/字体/素材；记录资源摘要，未逐行审查，声明与运行另验,12636,8be4926ae1eda8cd2264773acfcb7ca2cc04cf2fc87c42794d3bf0492f13338d
fonts/mplusrounded1c-500-493a273b9f.woff2,排除,第三方组件/字体/素材；记录资源摘要，未逐行审查，声明与运行另验,15968,cbd73aeb71fc181037cee8515a8bbae3417f25e473bbf4722fb262b074f19793
fonts/mplusrounded1c-500-4db1512498.woff2,排除,第三方组件/字体/素材；记录资源摘要，未逐行审查，声明与运行另验,13136,6480556be0c21e202d7b55c35f492068775e55ddef241ca00e85da0461185d0b
fonts/mplusrounded1c-500-5137f88918.woff2,排除,第三方组件/字体/素材；记录资源摘要，未逐行审查，声明与运行另验,11360,ad0090287077813431138711873bcca46f3983166f9fe5d4e817bb9ff5f8eaae
fonts/mplusrounded1c-500-51f5833560.woff2,排除,第三方组件/字体/素材；记录资源摘要，未逐行审查，声明与运行另验,12572,e794aab06e990dca9696e20fe3e4a5718d0ea73dc02b0ecb72b74e9f2df6f44a
fonts/mplusrounded1c-500-5894f583ef.woff2,排除,第三方组件/字体/素材；记录资源摘要，未逐行审查，声明与运行另验,13196,0d31ee907fb33b0197b794a9d3c120ec730429dc2c6b3c1262d264450c9dbae1
fonts/mplusrounded1c-500-59fad679da.woff2,排除,第三方组件/字体/素材；记录资源摘要，未逐行审查，声明与运行另验,13960,68590a26e2ad84eeddcd5368da33389ac43291183137af8d41f2b44a3eccabac
fonts/mplusrounded1c-500-5bee0b0940.woff2,排除,第三方组件/字体/素材；记录资源摘要，未逐行审查，声明与运行另验,1784,0e3cd939a266aeec942dea21f55c84a641b7e74941aef9764904de1ee3484c80
fonts/mplusrounded1c-500-5ca4ba6317.woff2,排除,第三方组件/字体/素材；记录资源摘要，未逐行审查，声明与运行另验,14608,3505dc28fd517f4ac6db4c3a110685862e0becd29231af364185ad5f21a93fd4
fonts/mplusrounded1c-500-5dfd766514.woff2,排除,第三方组件/字体/素材；记录资源摘要，未逐行审查，声明与运行另验,11536,b674049ecaeb78f47e6c8f5022f0c5d4e10778d78452244fe0690651baa74abb
fonts/mplusrounded1c-500-61c0c2ab4e.woff2,排除,第三方组件/字体/素材；记录资源摘要，未逐行审查，声明与运行另验,19280,f8864ceaf5826c6c37f9988d439f4efc6c9fad3fffce388b3ec531917d3d0296
fonts/mplusrounded1c-500-6238e44823.woff2,排除,第三方组件/字体/素材；记录资源摘要，未逐行审查，声明与运行另验,13584,7766ce467b66b0fe6bd2a2fdd3ff4b8e9c6d65f292b290b43a03864dbf00edde
fonts/mplusrounded1c-500-62fca471c8.woff2,排除,第三方组件/字体/素材；记录资源摘要，未逐行审查，声明与运行另验,17520,df6d38904b6561670aa11d52c4bd057569b835cdecabf952c5844fcf6d3b4c13
fonts/mplusrounded1c-500-6313cb3778.woff2,排除,第三方组件/字体/素材；记录资源摘要，未逐行审查，声明与运行另验,16864,c6fc05c1d4ec9c1ee0ef52f3229de776d459756b15367c56c27af2362f812d2b
fonts/mplusrounded1c-500-63bcc14a72.woff2,排除,第三方组件/字体/素材；记录资源摘要，未逐行审查，声明与运行另验,14164,2d5baa64c0e6cb9983bb8606fabc4382a8115203adce9491b76b58f99e6dd7b6
fonts/mplusrounded1c-500-6430fa7a3d.woff2,排除,第三方组件/字体/素材；记录资源摘要，未逐行审查，声明与运行另验,10720,d36c40c1a6b36d0a76140d85ff8e77b0a26dc36ab6ef512392bc784a7e16e926
fonts/mplusrounded1c-500-6b602facab.woff2,排除,第三方组件/字体/素材；记录资源摘要，未逐行审查，声明与运行另验,6284,f65a58973f42b45112f84f65b8831be37640d0e57855bab29ce21c6e75fb9056
fonts/mplusrounded1c-500-70971052f9.woff2,排除,第三方组件/字体/素材；记录资源摘要，未逐行审查，声明与运行另验,12852,4f5f2977ac9500079404d0d4a73c1d8a9f472278183f5b0790448f7ab6f8ac89
fonts/mplusrounded1c-500-7104e1450a.woff2,排除,第三方组件/字体/素材；记录资源摘要，未逐行审查，声明与运行另验,14780,0e9c3a5f1e5536d8b20524c77a85f043bd0e85ba16760a4b192681e75f15c403
fonts/mplusrounded1c-500-74597efa2a.woff2,排除,第三方组件/字体/素材；记录资源摘要，未逐行审查，声明与运行另验,15940,2158b24d6c14b214758e49915faf8b57d518d98487bbb707e22306c1af733d74
fonts/mplusrounded1c-500-74f3804b7f.woff2,排除,第三方组件/字体/素材；记录资源摘要，未逐行审查，声明与运行另验,11644,7df22cc8ccaa7b755bb8c895d425e966dd05b31c3a031db51950648c39323ba5
fonts/mplusrounded1c-500-75dbcb60ea.woff2,排除,第三方组件/字体/素材；记录资源摘要，未逐行审查，声明与运行另验,17772,42231b18da87e9db3117a9ab13b45113ab6a5845cd63b88a1319a2b39f485ba8
fonts/mplusrounded1c-500-763a903e4e.woff2,排除,第三方组件/字体/素材；记录资源摘要，未逐行审查，声明与运行另验,13156,fb3d01cca18a3c6500bc123143111c2c092f85b8c09a1ef81d9cb577370acfc2
fonts/mplusrounded1c-500-765da1de7b.woff2,排除,第三方组件/字体/素材；记录资源摘要，未逐行审查，声明与运行另验,11324,c01abfbbf3545f842fd0fc7a38af9cd8bcf0a3fbe6cfd2f917827f029904b360
fonts/mplusrounded1c-500-77b444feca.woff2,排除,第三方组件/字体/素材；记录资源摘要，未逐行审查，声明与运行另验,15032,7fac2ed3fff729f4128dbe5905d748061437cf3672067df1f0a1e5380ef291bd
fonts/mplusrounded1c-500-7bfbd7e5a6.woff2,排除,第三方组件/字体/素材；记录资源摘要，未逐行审查，声明与运行另验,12244,3971f77bf47a2c432b7b90ceac4f79005b754d30e5a50aefe66c0a0df5636c1b
fonts/mplusrounded1c-500-7f1c5838e0.woff2,排除,第三方组件/字体/素材；记录资源摘要，未逐行审查，声明与运行另验,12868,0ed3e940ce4050065874ea36f6f603a328fa683c614bbaec342a34d452c895aa
fonts/mplusrounded1c-500-823b4bcc4f.woff2,排除,第三方组件/字体/素材；记录资源摘要，未逐行审查，声明与运行另验,12768,fe19d889ec73626066c8a75f4999f14c85770c3023a091477a612ab5bb004297
fonts/mplusrounded1c-500-82da1f9e5e.woff2,排除,第三方组件/字体/素材；记录资源摘要，未逐行审查，声明与运行另验,14928,8badff93f577949d20a1138769ffc5a0cc9a26e2103a03f4f7a97d27de373b0a
fonts/mplusrounded1c-500-83a19eff44.woff2,排除,第三方组件/字体/素材；记录资源摘要，未逐行审查，声明与运行另验,15632,3e2a8b9f88663411515e5272beee4b3cc2f5948f65225e2bce5945709a0f6c56
fonts/mplusrounded1c-500-840305852a.woff2,排除,第三方组件/字体/素材；记录资源摘要，未逐行审查，声明与运行另验,13884,98e817398a4d41401a254636a348c419e1aa55b393ed8109193f4b124a8aa202
fonts/mplusrounded1c-500-87ca819404.woff2,排除,第三方组件/字体/素材；记录资源摘要，未逐行审查，声明与运行另验,17096,4b2542c5f3d79621e2546005a145130244abd376de29318514f68d764cdf4963
fonts/mplusrounded1c-500-885f61b996.woff2,排除,第三方组件/字体/素材；记录资源摘要，未逐行审查，声明与运行另验,13932,883dc7e675eddd197e5b1667284aaa9933781b8d99fa6001fa299e91ea570f85
fonts/mplusrounded1c-500-886975e089.woff2,排除,第三方组件/字体/素材；记录资源摘要，未逐行审查，声明与运行另验,13456,2ecd56de767933480b2cc644b0b577023ee095f5b921030fb1b6eaa3685919b4
fonts/mplusrounded1c-500-88ab80237a.woff2,排除,第三方组件/字体/素材；记录资源摘要，未逐行审查，声明与运行另验,15444,670d70b7b43080dba1a13e27f28d5101b55677c2f345559ae24e101017429d7e
fonts/mplusrounded1c-500-8dba91b135.woff2,排除,第三方组件/字体/素材；记录资源摘要，未逐行审查，声明与运行另验,3344,159eff2fbb1476c021464766068dbc8b2ca3c3c53d6c3143869b9166043ce2a8
fonts/mplusrounded1c-500-8dbddd585d.woff2,排除,第三方组件/字体/素材；记录资源摘要，未逐行审查，声明与运行另验,16016,bf644bd9d4da7cd4f0f4fb52d889003d4dd8064bd8000460c66be027f79fc2d6
fonts/mplusrounded1c-500-93824245fe.woff2,排除,第三方组件/字体/素材；记录资源摘要，未逐行审查，声明与运行另验,15624,e9ce3c43cba94279b6780e19ec6210b82426b3e1840c8398692c6a0cb367f0ec
fonts/mplusrounded1c-500-93cb26c028.woff2,排除,第三方组件/字体/素材；记录资源摘要，未逐行审查，声明与运行另验,12740,281ce7dd34a7acb3242918037933dbeb6d6fdada2d2d9a38193cd310fed3509c
fonts/mplusrounded1c-500-950d343343.woff2,排除,第三方组件/字体/素材；记录资源摘要，未逐行审查，声明与运行另验,7120,82a1a2f276c3ba13221926b8d1aec1fb8e14cdcd3b0408757170d572d2fe7173
fonts/mplusrounded1c-500-979fbc9ecc.woff2,排除,第三方组件/字体/素材；记录资源摘要，未逐行审查，声明与运行另验,15528,a42ecb9196ad484e7a47bbbae9a31d92cbb277d9087fdc7c91e389e2a98cb865
fonts/mplusrounded1c-500-9af6bc0534.woff2,排除,第三方组件/字体/素材；记录资源摘要，未逐行审查，声明与运行另验,14736,82d7eb4242310101c95aef6144069121fb7a758cac02c795f053e9a1f2a60541
fonts/mplusrounded1c-500-9cf0244a79.woff2,排除,第三方组件/字体/素材；记录资源摘要，未逐行审查，声明与运行另验,15428,4f2b5ef87fa0db0832f0ec346a16e1da1078b5537af4f7e2e96e925b4914d8a9
fonts/mplusrounded1c-500-9ddf1b4f70.woff2,排除,第三方组件/字体/素材；记录资源摘要，未逐行审查，声明与运行另验,13052,3d32610a51ec02e569dbcd8c6e184451c48976374c58d92ec57a8fe7afbbc7b0
fonts/mplusrounded1c-500-9f68bdd031.woff2,排除,第三方组件/字体/素材；记录资源摘要，未逐行审查，声明与运行另验,13848,13888a8fe1c9d36c88b28e635bdc94b5854f6636ddd4d0a5c1bb5c2a75cb6c39
fonts/mplusrounded1c-500-a1e2e87ea0.woff2,排除,第三方组件/字体/素材；记录资源摘要，未逐行审查，声明与运行另验,13564,0186ad66b7891f478164dbfd6ae6e79cfde59f2b10c8b1ac699f773fcd37c7ca
fonts/mplusrounded1c-500-a375b0c608.woff2,排除,第三方组件/字体/素材；记录资源摘要，未逐行审查，声明与运行另验,14228,90d2cd078554bc66c92a0930c4dbb5958b200a59b6a6228a3279d796f64bd8de
fonts/mplusrounded1c-500-a4f21add08.woff2,排除,第三方组件/字体/素材；记录资源摘要，未逐行审查，声明与运行另验,13944,0420c199a8ab5648cd36f04bdc6e4fa1b8d5917b0e7208539588b5e9b52e616b
fonts/mplusrounded1c-500-a8db092ca4.woff2,排除,第三方组件/字体/素材；记录资源摘要，未逐行审查，声明与运行另验,12376,0db2c1f1858671ba9580b45a617ed425cd6248ddc06751d92cf1185ae4a47f2f
fonts/mplusrounded1c-500-acdb0d56be.woff2,排除,第三方组件/字体/素材；记录资源摘要，未逐行审查，声明与运行另验,36900,a6a6c4889bbbdc6e92ae9f40f0e44931177579b1bdd97c724328e54d4dcefce1
fonts/mplusrounded1c-500-ad44d1866f.woff2,排除,第三方组件/字体/素材；记录资源摘要，未逐行审查，声明与运行另验,13560,caced3f52f3a0b57306f4e544bc7df111fbbdb163476dfc2a19bad5f54c38723
fonts/mplusrounded1c-500-af14264a53.woff2,排除,第三方组件/字体/素材；记录资源摘要，未逐行审查，声明与运行另验,22040,9a7980fa96341230341fd240f68d14a327c8b856d260eeff2e426db78b7eab87
fonts/mplusrounded1c-500-af426a7776.woff2,排除,第三方组件/字体/素材；记录资源摘要，未逐行审查，声明与运行另验,11332,74aec4cd002321a821001c6ad4a0d5f94bb53e0b6520a8bc022259fa28290a33
fonts/mplusrounded1c-500-b27d09e042.woff2,排除,第三方组件/字体/素材；记录资源摘要，未逐行审查，声明与运行另验,4936,d416cd881d242dd39dd45737a319e41b417edd9cb67f63295a1e2b7847244cdb
fonts/mplusrounded1c-500-b3d8b2649c.woff2,排除,第三方组件/字体/素材；记录资源摘要，未逐行审查，声明与运行另验,13608,32e47fc887602346921a01c2e0369689bae6d17c1ff66943794afea19e95f6b1
fonts/mplusrounded1c-500-b5692747a3.woff2,排除,第三方组件/字体/素材；记录资源摘要，未逐行审查，声明与运行另验,12840,80d3b3b4d8d48535acac9f4bc5bbe81a1a0394eb41e38f074632987485f695fc
fonts/mplusrounded1c-500-b724d2337b.woff2,排除,第三方组件/字体/素材；记录资源摘要，未逐行审查，声明与运行另验,2368,cca673344c16a90d296933ce7f8f2535cb67ba0690482cec2e1f2b8513c56385
fonts/mplusrounded1c-500-b767699976.woff2,排除,第三方组件/字体/素材；记录资源摘要，未逐行审查，声明与运行另验,13108,0dc13e9f8e056ae46ed36b2290752765f28a923ba7c5714247e33835c69a5f6f
fonts/mplusrounded1c-500-b8a85994fb.woff2,排除,第三方组件/字体/素材；记录资源摘要，未逐行审查，声明与运行另验,14828,40543725e86b327623a7dc3da17afa112cbb3e1349c0675aacba00bb3d8c4c3f
fonts/mplusrounded1c-500-b907f6eb7e.woff2,排除,第三方组件/字体/素材；记录资源摘要，未逐行审查，声明与运行另验,17108,bf7f16b66fa89c9726e2dc13aa9859c6653c1b63c93fa945f75e1c4baf1c738a
fonts/mplusrounded1c-500-bbf68b2374.woff2,排除,第三方组件/字体/素材；记录资源摘要，未逐行审查，声明与运行另验,13860,f81cd5cb3f1936784ca4969c218a9f3dcf1e946246c5945f0888eb557f43704e
fonts/mplusrounded1c-500-bd35f4a4bf.woff2,排除,第三方组件/字体/素材；记录资源摘要，未逐行审查，声明与运行另验,11676,24c0bd80a84198cb403f3ddeaee4d24817e1fd7dd9879e522e8cc58a3bfa3cb3
fonts/mplusrounded1c-500-bf2a664a7a.woff2,排除,第三方组件/字体/素材；记录资源摘要，未逐行审查，声明与运行另验,17844,4f134d771d6953a3015224fda31f75c0bb9c11af66af0ef66aa42764ea8f70f7
fonts/mplusrounded1c-500-c094445166.woff2,排除,第三方组件/字体/素材；记录资源摘要，未逐行审查，声明与运行另验,13756,649245d4101574c043b2407ce412e29d3462a4423a9e5b6fc59f4bdf85e8b108
fonts/mplusrounded1c-500-c13ef5aa1c.woff2,排除,第三方组件/字体/素材；记录资源摘要，未逐行审查，声明与运行另验,11860,7326a2682a9e9640b80385078e5d8e0f4e16d3c673627df14b2771dbab03fe77
fonts/mplusrounded1c-500-c62fe5d808.woff2,排除,第三方组件/字体/素材；记录资源摘要，未逐行审查，声明与运行另验,10704,faef8467b83ce7b222268b4b77bf923064cb9c92b26cf9b769d9781fe6df12f3
fonts/mplusrounded1c-500-c6ecd25667.woff2,排除,第三方组件/字体/素材；记录资源摘要，未逐行审查，声明与运行另验,12792,6f6ffb8baad97dc344b0b7e6f35165b9f7ce28cb8e8c1bccb4694749d1170cc1
fonts/mplusrounded1c-500-c74bf1e27a.woff2,排除,第三方组件/字体/素材；记录资源摘要，未逐行审查，声明与运行另验,14168,c7df18b21e9bab6d5a66835bbbdbdd892f0deb032a955e18e7baf0a9b47ae738
fonts/mplusrounded1c-500-c7e635f917.woff2,排除,第三方组件/字体/素材；记录资源摘要，未逐行审查，声明与运行另验,8452,dd6bac016332b01ab71bffdbff7c34f56d837626f3f3960c855d21ffc7249cbf
fonts/mplusrounded1c-500-c9739f2fcf.woff2,排除,第三方组件/字体/素材；记录资源摘要，未逐行审查，声明与运行另验,13576,7a88383d25774f9191b1e61501398aa336ac67a4e46902c02b5595d8f71b12a2
fonts/mplusrounded1c-500-ca0d251c7e.woff2,排除,第三方组件/字体/素材；记录资源摘要，未逐行审查，声明与运行另验,12460,b89cca1f7306f09aa5546c78e746cd2d94f9c994771f8742f26d0dbadefe1a26
fonts/mplusrounded1c-500-ccacf1ca95.woff2,排除,第三方组件/字体/素材；记录资源摘要，未逐行审查，声明与运行另验,10996,6f61bf8a7106dde4058dd3a6949e50342fe253a8e2c5c4827d5b0db01fb21642
fonts/mplusrounded1c-500-d098daae00.woff2,排除,第三方组件/字体/素材；记录资源摘要，未逐行审查，声明与运行另验,13108,f2fca00e45d8f96f055ae57ce10acb7dcf0c7be49a9acf8c4fadf1d48a8a4b35
fonts/mplusrounded1c-500-d4a3a16534.woff2,排除,第三方组件/字体/素材；记录资源摘要，未逐行审查，声明与运行另验,7212,6c128a91128b6421ed93535aa06aac6515b1d49a0e4ec050b55d51b158980d1d
fonts/mplusrounded1c-500-d58fd0b7a1.woff2,排除,第三方组件/字体/素材；记录资源摘要，未逐行审查，声明与运行另验,15492,0df38a89988b272335afa327310732bf30244b52b9585e7e7543599e76513811
fonts/mplusrounded1c-500-d590553c84.woff2,排除,第三方组件/字体/素材；记录资源摘要，未逐行审查，声明与运行另验,15872,6348e6306157fb47728781621ae5da0a3fad618b847175ab3eaacd1a26698328
fonts/mplusrounded1c-500-d75709e7d0.woff2,排除,第三方组件/字体/素材；记录资源摘要，未逐行审查，声明与运行另验,16788,27ee0b1bcbe127aae7fe336c3efc3f879fbbf860eb0a4c7866c4ab608982262f
fonts/mplusrounded1c-500-d9e5df0487.woff2,排除,第三方组件/字体/素材；记录资源摘要，未逐行审查，声明与运行另验,13668,fbff6c12e6df6be69c2d65ce6b55409a953d62c0e00ef093329fca7aa1f3ebeb
fonts/mplusrounded1c-500-dc29cdb441.woff2,排除,第三方组件/字体/素材；记录资源摘要，未逐行审查，声明与运行另验,13652,88c663612ba6a31847dbfc730733635e07b4ec5a7ccda9dd7857038ab49d7c29
fonts/mplusrounded1c-500-df8703902b.woff2,排除,第三方组件/字体/素材；记录资源摘要，未逐行审查，声明与运行另验,17152,979417acbd178b49a9cdb292fb59c168148db60ea14ccd58b93e599900dda683
fonts/mplusrounded1c-500-e039ba024a.woff2,排除,第三方组件/字体/素材；记录资源摘要，未逐行审查，声明与运行另验,13372,2edc290217b224a73d14bb6c05b940a03c91d3202cdfced468667a6f161a351f
fonts/mplusrounded1c-500-e2bdafd54e.woff2,排除,第三方组件/字体/素材；记录资源摘要，未逐行审查，声明与运行另验,16804,d0b453fdbe849728ac818867d3c9523db35f03b29ec3f04d97fe64505f2dcc67
fonts/mplusrounded1c-500-e3109976ed.woff2,排除,第三方组件/字体/素材；记录资源摘要，未逐行审查，声明与运行另验,11568,211b4eb80bdb7115a2dea483f81583c76bd94135c766bc2f884ee61edb550d6f
fonts/mplusrounded1c-500-e74c8a7800.woff2,排除,第三方组件/字体/素材；记录资源摘要，未逐行审查，声明与运行另验,12968,b044ed20a57ebeeea5f02bd76d64f43033a4b6ff4e6d609d955009fab48971f8
fonts/mplusrounded1c-500-edf4722dd7.woff2,排除,第三方组件/字体/素材；记录资源摘要，未逐行审查，声明与运行另验,13092,ce4b740322a5922420f3c290e5f9a1ff2079b5ca9e70e001df1382f77854ca54
fonts/mplusrounded1c-500-f14dde3614.woff2,排除,第三方组件/字体/素材；记录资源摘要，未逐行审查，声明与运行另验,9380,8c85146a0bcf38512f12a15781eedcad454ec8faf8fe2e5b52092c324b910810
fonts/mplusrounded1c-500-f34112adc3.woff2,排除,第三方组件/字体/素材；记录资源摘要，未逐行审查，声明与运行另验,12888,bfb6d0e0a9b4c54c39a234eadae10ec268de70b05c61b73c2fff3ad72d3173a4
fonts/mplusrounded1c-500-f408456e0e.woff2,排除,第三方组件/字体/素材；记录资源摘要，未逐行审查，声明与运行另验,6028,e212b6f4319fbc1d2c620ece6f6e1309fcb6298fa49fb5223bdbe20e6444fd0a
fonts/mplusrounded1c-500-f4518b6b3a.woff2,排除,第三方组件/字体/素材；记录资源摘要，未逐行审查，声明与运行另验,12484,76e441df5e34ed667843de0dab7cfdedffae2ddc9e719cbe4f772d7618f107cf
fonts/mplusrounded1c-500-fe46bfde9a.woff2,排除,第三方组件/字体/素材；记录资源摘要，未逐行审查，声明与运行另验,4244,56cd8ae1d4dcb7ee3285f3662597cc8eb1244df8ad5e2dfb8cee1f0654675427
fonts/mplusrounded1c-500-fedbe6dcf3.woff2,排除,第三方组件/字体/素材；记录资源摘要，未逐行审查，声明与运行另验,12308,f78442e5876b0998958ad12fb08cd4e817facf7d154c5ca18dfe1ce75b821db5
fonts/mplusrounded1c-500-ffae15ee4f.woff2,排除,第三方组件/字体/素材；记录资源摘要，未逐行审查，声明与运行另验,13004,6f38d45e3307447eef987f3a444dad3bf9c23dc732d30426e1bbed4a206d294d
fonts/mplusrounded1c-500-ffd05d500c.woff2,排除,第三方组件/字体/素材；记录资源摘要，未逐行审查，声明与运行另验,13180,db96bc682284845becdf4eabb9efbacc3ac8f9917265e696fb854ef7f38be37f
fonts/mplusrounded1c-800-037ee51610.woff2,排除,第三方组件/字体/素材；记录资源摘要，未逐行审查，声明与运行另验,13744,a0467b542559370bd316d7a8080c5312f8c54f32faaeae4c36434c781042559f
fonts/mplusrounded1c-800-042f4f17d0.woff2,排除,第三方组件/字体/素材；记录资源摘要，未逐行审查，声明与运行另验,12116,055b6ddefeb6d903e425aec9f35482a3fd204362eaeff65b842799b54802e1c2
fonts/mplusrounded1c-800-0836e31157.woff2,排除,第三方组件/字体/素材；记录资源摘要，未逐行审查，声明与运行另验,14664,5355aa3212ad2dbdc9ee10da1e7ef423309c4fbf325a95b39862e0a81bc5dd58
fonts/mplusrounded1c-800-098e1850d1.woff2,排除,第三方组件/字体/素材；记录资源摘要，未逐行审查，声明与运行另验,15116,697b9f4910f0975f945825ef77fb2b944f18df3fa5d5e18a07a162c5583e1baa
fonts/mplusrounded1c-800-0b045398ea.woff2,排除,第三方组件/字体/素材；记录资源摘要，未逐行审查，声明与运行另验,17300,bd114b84d31cfc4e31d27f88c2fbaa21bb15b2f459d708ca19f706bb7134c0f7
fonts/mplusrounded1c-800-0ee5612fb7.woff2,排除,第三方组件/字体/素材；记录资源摘要，未逐行审查，声明与运行另验,10052,8861ab7da975a35fbe8f06564d0a3d56cd983c924c10375ec18b27d0c887617f
fonts/mplusrounded1c-800-11230b8cb8.woff2,排除,第三方组件/字体/素材；记录资源摘要，未逐行审查，声明与运行另验,13544,1d312225741661bd635e9f75c21ece71f31fe78810130e82f0a1d8a51ef0d4fe
fonts/mplusrounded1c-800-1645386f77.woff2,排除,第三方组件/字体/素材；记录资源摘要，未逐行审查，声明与运行另验,2492,07722e7ff79f5d6982ce36b791273bd81933171e08e8b47b7b0b83fe54de76f9
fonts/mplusrounded1c-800-1a522432ff.woff2,排除,第三方组件/字体/素材；记录资源摘要，未逐行审查，声明与运行另验,8916,ef2daeea854b89bfcacb9afdf7735b2a1ce90d3634f046374e0923b2a7fa08fb
fonts/mplusrounded1c-800-1a9d7c7c93.woff2,排除,第三方组件/字体/素材；记录资源摘要，未逐行审查，声明与运行另验,14216,7e6945dfd0565d8edd0a77d3cc361a5df4966a46917c537cf0e195307a5fd4c9
fonts/mplusrounded1c-800-1b32b483bb.woff2,排除,第三方组件/字体/素材；记录资源摘要，未逐行审查，声明与运行另验,22620,69a2ee93cdfa8fcccec3beed92a9a8c15e4ef6ea7442aa921d83e9180c552423
fonts/mplusrounded1c-800-1ece7c60e1.woff2,排除,第三方组件/字体/素材；记录资源摘要，未逐行审查，声明与运行另验,17724,bef3c1da64949ed44e013ef1170dc0c3e9e7d8016aafa84f9c382526da2bc674
fonts/mplusrounded1c-800-207fbc53e9.woff2,排除,第三方组件/字体/素材；记录资源摘要，未逐行审查，声明与运行另验,13176,acd3055562a2ada5a515c507c39faae8a5e03f9d295b758542787298adc94e52
fonts/mplusrounded1c-800-214ce616ab.woff2,排除,第三方组件/字体/素材；记录资源摘要，未逐行审查，声明与运行另验,11956,38fca3037be4d564833d71e8c61a2044dc83f5119babe2261b817bd660b5202d
fonts/mplusrounded1c-800-23d6e56fb6.woff2,排除,第三方组件/字体/素材；记录资源摘要，未逐行审查，声明与运行另验,16912,2f8b387d68cd93fc1b3411f9a9582a71d36366556a5fee1a858bc512e1877153
fonts/mplusrounded1c-800-27ec1b1d86.woff2,排除,第三方组件/字体/素材；记录资源摘要，未逐行审查，声明与运行另验,18040,ad17467d1c28ef17c7154adffa71e04939ad72c9e9b6676f0becd314acd31bd3
fonts/mplusrounded1c-800-28ffeceb10.woff2,排除,第三方组件/字体/素材；记录资源摘要，未逐行审查，声明与运行另验,14468,d6222cfba848e4c3e30decd15eeb95bb6b9ae4f20547ad02f7e6e08df8340a33
fonts/mplusrounded1c-800-29dff57cca.woff2,排除,第三方组件/字体/素材；记录资源摘要，未逐行审查，声明与运行另验,14800,8484892e190c865a5a8394ece5a8d8df4db54bbd8a277267bde7adb9b6d35623
fonts/mplusrounded1c-800-2b28c616b5.woff2,排除,第三方组件/字体/素材；记录资源摘要，未逐行审查，声明与运行另验,13828,e50d6971c989512bc6a07df8d190c24717745dc7d455ba750fa4aea1c9bc2901
fonts/mplusrounded1c-800-2c7208478d.woff2,排除,第三方组件/字体/素材；记录资源摘要，未逐行审查，声明与运行另验,14204,172e72b12278aff2c8739d85ce1f5c728555077d22be4b511942563ee5a5efda
fonts/mplusrounded1c-800-31a8cd9778.woff2,排除,第三方组件/字体/素材；记录资源摘要，未逐行审查，声明与运行另验,8812,44dd0643f79d76b67e7eeb6de6753f681cc08fd9c9d71251c16557b8954fd0fd
fonts/mplusrounded1c-800-32c470bc8a.woff2,排除,第三方组件/字体/素材；记录资源摘要，未逐行审查，声明与运行另验,11772,f16422e65aa0d2946c4374ba6cb5f8018c64cb2e829ca9a1f48f9e2181cd0c70
fonts/mplusrounded1c-800-337e9a5762.woff2,排除,第三方组件/字体/素材；记录资源摘要，未逐行审查，声明与运行另验,12384,740765446213e6177d29036688cf1f9bf55a788539ba760e097d6d57dba9529e
fonts/mplusrounded1c-800-33bd55ce92.woff2,排除,第三方组件/字体/素材；记录资源摘要，未逐行审查，声明与运行另验,16248,5986fdc4c958de3aa9382fa4ba89066983b5f98d8f44b4d6cd835057761fe73a
fonts/mplusrounded1c-800-35d760f20f.woff2,排除,第三方组件/字体/素材；记录资源摘要，未逐行审查，声明与运行另验,16472,4807eebfbb931869c8b2f23a6d3c97dbb09bd96b59ac2a30744263af46f4f4ea
fonts/mplusrounded1c-800-37fb7b98e6.woff2,排除,第三方组件/字体/素材；记录资源摘要，未逐行审查，声明与运行另验,15572,3476b3b4f6c18b686a5d984ed011e6c634d34af88d3fa9efbce5c56a55a93850
fonts/mplusrounded1c-800-398fc71a17.woff2,排除,第三方组件/字体/素材；记录资源摘要，未逐行审查，声明与运行另验,14112,7b7add31872aa3f5dcf8689ee59258423c453328690fb08626082eb1247c0731
fonts/mplusrounded1c-800-3b3829c459.woff2,排除,第三方组件/字体/素材；记录资源摘要，未逐行审查，声明与运行另验,13944,c177ffe75f4da1ad10d31df1f62403a4d1976a8a4cc92f8d5118e236ffd53e0c
fonts/mplusrounded1c-800-3c956ed0bd.woff2,排除,第三方组件/字体/素材；记录资源摘要，未逐行审查，声明与运行另验,14028,ba6f1ad759e739d9a18cf4845afdbfaeb5e6f2ef6eaed3e6563982cb7c1a2b99
fonts/mplusrounded1c-800-3d9e86b2f9.woff2,排除,第三方组件/字体/素材；记录资源摘要，未逐行审查，声明与运行另验,17764,203f812ffa98a2e88b09ed661af7ccbb3f00c7a95c2cc6efb9af1385182c6019
fonts/mplusrounded1c-800-3e569cdc8f.woff2,排除,第三方组件/字体/素材；记录资源摘要，未逐行审查，声明与运行另验,13580,a9c9884aadaefd08978dd8532f62174d32ea91771babc44145aa90e972fd345f
fonts/mplusrounded1c-800-458ab54d66.woff2,排除,第三方组件/字体/素材；记录资源摘要，未逐行审查，声明与运行另验,4984,9d38d1588a881b46011a7a90940bc80138b901d6c1956f3f2785a0197947fbf6
fonts/mplusrounded1c-800-4c3b97d724.woff2,排除,第三方组件/字体/素材；记录资源摘要，未逐行审查，声明与运行另验,12912,212d7305abb289dfd6b60404f29fb280e091aa265dfd340dfac9bc05e331eaab
fonts/mplusrounded1c-800-4c7d782fe6.woff2,排除,第三方组件/字体/素材；记录资源摘要，未逐行审查，声明与运行另验,14528,b49c7b0f26b64c499151c13a55f9709d36025809ddd6739d47069e93a2716119
fonts/mplusrounded1c-800-4cabc8a88e.woff2,排除,第三方组件/字体/素材；记录资源摘要，未逐行审查，声明与运行另验,18152,003fe65e499a07c9632ba6eaf621d9c15f1dc0250f5dda4aff842b253e5612fc
fonts/mplusrounded1c-800-4e120f8cd6.woff2,排除,第三方组件/字体/素材；记录资源摘要，未逐行审查，声明与运行另验,17720,fb50bc2f59dfe3e1a0cf28105c9331cb090cda7cc286527354799fba6d6b90ec
fonts/mplusrounded1c-800-51628a8092.woff2,排除,第三方组件/字体/素材；记录资源摘要，未逐行审查，声明与运行另验,17392,028519d4aab00d06161b1191a20cd87b78e4e2d0e2f2476bbf13d549fc2857e2
fonts/mplusrounded1c-800-51ea5f45a3.woff2,排除,第三方组件/字体/素材；记录资源摘要，未逐行审查，声明与运行另验,17656,3b4d637f2c73d1ada526de66c1b754a59eca9cfc6749ee2e622d9b21c44bb039
fonts/mplusrounded1c-800-5b78029a0d.woff2,排除,第三方组件/字体/素材；记录资源摘要，未逐行审查，声明与运行另验,14172,05612184f21e2d426b3250ac2e7bbdc716064a6894ac2ae45b52499aa0632925
fonts/mplusrounded1c-800-5de56b59cd.woff2,排除,第三方组件/字体/素材；记录资源摘要，未逐行审查，声明与运行另验,12964,79d65d2c44884be65ebca1219acb990e9ebe420afb61bfe572f725839a2fcae4
fonts/mplusrounded1c-800-60072ccac5.woff2,排除,第三方组件/字体/素材；记录资源摘要，未逐行审查，声明与运行另验,14104,db4d0d2ea5d33c6b36290fc613a6d547ad6a315daa0d08febc9f709fd583fe64
fonts/mplusrounded1c-800-621728cad1.woff2,排除,第三方组件/字体/素材；记录资源摘要，未逐行审查，声明与运行另验,15008,2ac812db39bad76dfc3a8fe0f5f3e9b220d8355c1bcb564cb358aaf0bab8b206
fonts/mplusrounded1c-800-643bf2d098.woff2,排除,第三方组件/字体/素材；记录资源摘要，未逐行审查，声明与运行另验,15456,f742384241cfe2e4f58c77fc38e0581ad90b3bc47bb834a2a976f62c5caa1ab0
fonts/mplusrounded1c-800-654ce5f068.woff2,排除,第三方组件/字体/素材；记录资源摘要，未逐行审查，声明与运行另验,16188,dd42d98217ccb3745073c6aa0ca11a8050438fba5b40aa7734e57d3d54ec0e5c
fonts/mplusrounded1c-800-694ce4255d.woff2,排除,第三方组件/字体/素材；记录资源摘要，未逐行审查，声明与运行另验,7320,f6965e31c09285eadc511795d0943c9bca9a4b0a5dd4ff08d80809d6bd79e51a
fonts/mplusrounded1c-800-69e8ce5a57.woff2,排除,第三方组件/字体/素材；记录资源摘要，未逐行审查，声明与运行另验,14904,51bbb2532351b954615d2910b5ed4a246c6d4368cea5a0b198be09015485f213
fonts/mplusrounded1c-800-6c2ff29c0e.woff2,排除,第三方组件/字体/素材；记录资源摘要，未逐行审查，声明与运行另验,19760,9065406a2edf7264556cf8f74a5d130dc8493e7e7f7ae891529f77b812c47c11
fonts/mplusrounded1c-800-6d162c9b24.woff2,排除,第三方组件/字体/素材；记录资源摘要，未逐行审查，声明与运行另验,15284,fb199744c022e0ff29dd0f89e6e89b5c636e3b098da074ec6013133499eeb261
fonts/mplusrounded1c-800-6ff2a69df9.woff2,排除,第三方组件/字体/素材；记录资源摘要，未逐行审查，声明与运行另验,7968,42aa620053eaa87de2b2ff334a91ac2cd0ac901b99baa147ee3d4d93c53db11c
fonts/mplusrounded1c-800-71c8ace667.woff2,排除,第三方组件/字体/素材；记录资源摘要，未逐行审查，声明与运行另验,14648,133d770ace5638369b366043706bf1c340f8e51e1be51970f0108ec3b11c3f9d
fonts/mplusrounded1c-800-75b1c77a40.woff2,排除,第三方组件/字体/素材；记录资源摘要，未逐行审查，声明与运行另验,15456,7b64649fb43d3950218fa70adc2587b69a8d8c533fefe63d7909140bb43aab96
fonts/mplusrounded1c-800-75ead79c10.woff2,排除,第三方组件/字体/素材；记录资源摘要，未逐行审查，声明与运行另验,20760,2bf13c0c42aa2abf5bb9b255edaa698a731084806a035f1e4021b32f7bd43155
fonts/mplusrounded1c-800-761b0fc616.woff2,排除,第三方组件/字体/素材；记录资源摘要，未逐行审查，声明与运行另验,14436,503e71be4950880927d76340c2cb074672ec0dfb3caec97efacb0796df8508ae
fonts/mplusrounded1c-800-76d0508305.woff2,排除,第三方组件/字体/素材；记录资源摘要，未逐行审查，声明与运行另验,14744,6a6620200fb257782000fe0736ec0c2abc1fd5d0578a800cd0177e84c808f875
fonts/mplusrounded1c-800-7725117a4b.woff2,排除,第三方组件/字体/素材；记录资源摘要，未逐行审查，声明与运行另验,37708,0c04adc9b6c244a172ca7c080975569ce5eadba3af5704402fa44edbfe8def21
fonts/mplusrounded1c-800-77ed7ac70a.woff2,排除,第三方组件/字体/素材；记录资源摘要，未逐行审查，声明与运行另验,14120,eaec20a7090601ae4956b5f8e44657c3f0befa5ad4baaba7c6c4b5547de14cf1
fonts/mplusrounded1c-800-79ce776acd.woff2,排除,第三方组件/字体/素材；记录资源摘要，未逐行审查，声明与运行另验,18200,c4b3181b1d0167d6da0ce9c6b6550b48872654def72f92000fc39447706e2682
fonts/mplusrounded1c-800-81061cb393.woff2,排除,第三方组件/字体/素材；记录资源摘要，未逐行审查，声明与运行另验,13748,69f43093e160ab4204c3370085ac754cdc3a2c23e69ab3f922ef4a7e2174ee72
fonts/mplusrounded1c-800-81868d5a81.woff2,排除,第三方组件/字体/素材；记录资源摘要，未逐行审查，声明与运行另验,12104,c56cb6a8bb55bb603f424f683b4a52421e3838c2f3d2da0489f37e6f19a4ecd0
fonts/mplusrounded1c-800-852a0faeef.woff2,排除,第三方组件/字体/素材；记录资源摘要，未逐行审查，声明与运行另验,14164,07d913722321d038e09eaaa6aa0a2a420399f20d0fcfe507c1d64083f5bed49e
fonts/mplusrounded1c-800-89e1f7e921.woff2,排除,第三方组件/字体/素材；记录资源摘要，未逐行审查，声明与运行另验,16716,e71c7d61b83cf06fcae836a171d9200ea0cf14f3474d590b0c6560119cfd4654
fonts/mplusrounded1c-800-8bd016870b.woff2,排除,第三方组件/字体/素材；记录资源摘要，未逐行审查，声明与运行另验,13888,4a8b8b6259ff7005c7ac493f4f3b16ce8fd53c31cb06dcb32ed0a3dca8d08a1c
fonts/mplusrounded1c-800-8d3b68916b.woff2,排除,第三方组件/字体/素材；记录资源摘要，未逐行审查，声明与运行另验,14604,bbd6a4b19b1c19289b4d1b686afee05d99b7d777ae36aa386000d6f3b2da7fa7
fonts/mplusrounded1c-800-8d7146d471.woff2,排除,第三方组件/字体/素材；记录资源摘要，未逐行审查，声明与运行另验,11228,5a3c1727c6a81e2325774c7bb87e131c57e737d46342d116590d11e8c0267264
fonts/mplusrounded1c-800-8dc0239ce3.woff2,排除,第三方组件/字体/素材；记录资源摘要，未逐行审查，声明与运行另验,16568,5ddd66351723d5fae5eb1059d3b04b9cae2b2f005f954c509edfcbd575dff987
fonts/mplusrounded1c-800-8e86ee816d.woff2,排除,第三方组件/字体/素材；记录资源摘要，未逐行审查，声明与运行另验,13676,b1fef255489a47ea97e12a19f4027b764efe20b4524c8a1d2c6eb9fc319f847a
fonts/mplusrounded1c-800-9335e593b0.woff2,排除,第三方组件/字体/素材；记录资源摘要，未逐行审查，声明与运行另验,13640,3a5c9d3170c274b0e277831fe3bc4f58cdf077134b35663be7ab3424bd5b4a90
fonts/mplusrounded1c-800-9663ba7ca4.woff2,排除,第三方组件/字体/素材；记录资源摘要，未逐行审查，声明与运行另验,8868,528d60e3cae054d3f98c2e8973aa0e3479064fb7581b43a83af348049fa8a3e5
fonts/mplusrounded1c-800-99a259f329.woff2,排除,第三方组件/字体/素材；记录资源摘要，未逐行审查，声明与运行另验,14456,f12bb4e77e2275db9b7c5e52e4713610b30865657e1fe30240a56fc1ed8bcaeb
fonts/mplusrounded1c-800-a08cbdcda9.woff2,排除,第三方组件/字体/素材；记录资源摘要，未逐行审查，声明与运行另验,1760,fb456fc1114faa3ccf90bbed0cd6a70f05305b2b99bdd332315b9c7a3f864082
fonts/mplusrounded1c-800-a2797181ef.woff2,排除,第三方组件/字体/素材；记录资源摘要，未逐行审查，声明与运行另验,1576,b731267f30fdc164d2703c540fbd8e6641d78cd45d9c97f64395aa2cc573be5f
fonts/mplusrounded1c-800-a2fea01855.woff2,排除,第三方组件/字体/素材；记录资源摘要，未逐行审查，声明与运行另验,16688,ab3ee489e52f0d37f47e6c22799e652e609f572e3e46cd15872ee5956ca95452
fonts/mplusrounded1c-800-a47a7bb915.woff2,排除,第三方组件/字体/素材；记录资源摘要，未逐行审查，声明与运行另验,12404,72775992685ac15cc8a1284aea16f3157db351e953e7f037f3fef579dfb2faee
fonts/mplusrounded1c-800-a600774301.woff2,排除,第三方组件/字体/素材；记录资源摘要，未逐行审查，声明与运行另验,2996,d04ec97723a550f861e9300b722dc1d6d90f46922002653b9c0a2bd6d3ce4add
fonts/mplusrounded1c-800-a78df3c4ab.woff2,排除,第三方组件/字体/素材；记录资源摘要，未逐行审查，声明与运行另验,14496,dea3f03af1391f0427a8badc873858f57be0ead606bc580a1e65f8c650632d55
fonts/mplusrounded1c-800-a82d38cc11.woff2,排除,第三方组件/字体/素材；记录资源摘要，未逐行审查，声明与运行另验,13556,a82f71a0076ee53f7f5610d8849f85e616349829b5c7c20d75e94ca532f14bed
fonts/mplusrounded1c-800-a8a4ee236c.woff2,排除,第三方组件/字体/素材；记录资源摘要，未逐行审查，声明与运行另验,4424,9cf78ce8fd32d0b8f8cb71a9c5c258257276468a55e8adf17bd68bf0db124f3f
fonts/mplusrounded1c-800-af777f9a94.woff2,排除,第三方组件/字体/素材；记录资源摘要，未逐行审查，声明与运行另验,14132,3f4a4d406228aaa4bbbdad2f0a69ed2f5be02ecad0f9d5d53363aced09fd1840
fonts/mplusrounded1c-800-b16d0775d7.woff2,排除,第三方组件/字体/素材；记录资源摘要，未逐行审查，声明与运行另验,14220,dae3a69eeede02a180a67becef4c3ecae2447fba1c66828dfd500442ecea5080
fonts/mplusrounded1c-800-b19bc45984.woff2,排除,第三方组件/字体/素材；记录资源摘要，未逐行审查，声明与运行另验,18044,7d7f76ae3c60c801b863de94a41e908091b39fcc18a4b64a1580219c22686e9d
fonts/mplusrounded1c-800-b2634a9c2a.woff2,排除,第三方组件/字体/素材；记录资源摘要，未逐行审查，声明与运行另验,16872,ff6208204a307c9ad7cc55e59c5856506e686eb867ff42e5437e9dfe5ff8ece3
fonts/mplusrounded1c-800-b51413ec92.woff2,排除,第三方组件/字体/素材；记录资源摘要，未逐行审查，声明与运行另验,14316,4e485413f9f8edae76543748b9d395ab367ca7e99c7e0bae8de7fb9837161400
fonts/mplusrounded1c-800-b815eb3ce3.woff2,排除,第三方组件/字体/素材；记录资源摘要，未逐行审查，声明与运行另验,14720,717095b5663cdc6f6e45c457c7cf11012653ff31f528488b21363857b781b7ea
fonts/mplusrounded1c-800-b886cd0b6e.woff2,排除,第三方组件/字体/素材；记录资源摘要，未逐行审查，声明与运行另验,11768,17f024e11a225e98cc16166be10727df4ab9817d19e76b68cae68e54a10ce37f
fonts/mplusrounded1c-800-b933f5275b.woff2,排除,第三方组件/字体/素材；记录资源摘要，未逐行审查，声明与运行另验,13604,8ac47a27571334da29af2bb0f2bd9cfc92759bdb86f17f71e9ededf10cf0929b
fonts/mplusrounded1c-800-b93da1a81f.woff2,排除,第三方组件/字体/素材；记录资源摘要，未逐行审查，声明与运行另验,15824,4cd587c237c4f2335aec4c865e151603843e716adf2ac5d779959dd0b20d25c2
fonts/mplusrounded1c-800-b962c1e0c8.woff2,排除,第三方组件/字体/素材；记录资源摘要，未逐行审查，声明与运行另验,14792,503e22d8cf69850db9959322963f883ff6b05be558ae5882211f943bfa79a0d0
fonts/mplusrounded1c-800-ba4576c5c5.woff2,排除,第三方组件/字体/素材；记录资源摘要，未逐行审查，声明与运行另验,18716,03bb8ce02f237293ae2705fa10b8d65ca3408241f98c9c53545c2419b4e6d356
fonts/mplusrounded1c-800-c16623c423.woff2,排除,第三方组件/字体/素材；记录资源摘要，未逐行审查，声明与运行另验,7064,a5529fa03fa50d39a936c6bd56f545366f5d0db810dd9e1ab19e1242530477d5
fonts/mplusrounded1c-800-c26fc86bfb.woff2,排除,第三方组件/字体/素材；记录资源摘要，未逐行审查，声明与运行另验,13596,cd23078e762d6a47cad1f821dbf2ad9261315ee8abfc7229bf5096a914307418
fonts/mplusrounded1c-800-c29c4d3a6f.woff2,排除,第三方组件/字体/素材；记录资源摘要，未逐行审查，声明与运行另验,12348,54aee2830c5f06e0a6a71780638dafec39d333b10121798d1641e9963be16b89
fonts/mplusrounded1c-800-c709badeae.woff2,排除,第三方组件/字体/素材；记录资源摘要，未逐行审查，声明与运行另验,15696,7649fc9e584ce6959abae220c248cfaa5620a94865285c27cc17c28fd86b9b86
fonts/mplusrounded1c-800-c774a40c70.woff2,排除,第三方组件/字体/素材；记录资源摘要，未逐行审查，声明与运行另验,2024,cb701c85b10ecfad1346f3915b3ef0e9bad3d7a1f96b5785e40c0df8f224c239
fonts/mplusrounded1c-800-ca6cc70acd.woff2,排除,第三方组件/字体/素材；记录资源摘要，未逐行审查，声明与运行另验,12324,337ec73ddb3dd05492c2a16a201faa7c9c45f060e3dcf5b9a7a8d3b26631a5d5
fonts/mplusrounded1c-800-cb324f62a2.woff2,排除,第三方组件/字体/素材；记录资源摘要，未逐行审查，声明与运行另验,14912,e84b17e1cfa4bb10bfb0a048a84b975932bc155b7fcfe276f1e915f1a7390731
fonts/mplusrounded1c-800-cb8adb5a47.woff2,排除,第三方组件/字体/素材；记录资源摘要，未逐行审查，声明与运行另验,15384,c17d1d4c845f5d98f3eff9b5d09efddfc11d72ecb6aa8448e00ed658a1d8be8f
fonts/mplusrounded1c-800-cd307b9f1d.woff2,排除,第三方组件/字体/素材；记录资源摘要，未逐行审查，声明与运行另验,13032,49e19df61a6732923a1661b4f6c4212e398c44fad7e46f28cc7821cb8bd65c24
fonts/mplusrounded1c-800-cef366aea0.woff2,排除,第三方组件/字体/素材；记录资源摘要，未逐行审查，声明与运行另验,17348,d2d81c73d75d8cc77dd70e33b058a7348681975410d315bdc6651f1ad0001a61
fonts/mplusrounded1c-800-d12fe1089f.woff2,排除,第三方组件/字体/素材；记录资源摘要，未逐行审查，声明与运行另验,18056,32cd77ca342d97fdb0f6d54036c2a1c3b86d65be42a8f2a95f801eff3b822400
fonts/mplusrounded1c-800-d1a7876d71.woff2,排除,第三方组件/字体/素材；记录资源摘要，未逐行审查，声明与运行另验,9600,bafce7eb790a0e1695731f428aee32c99213d6a35adb7953a983564bec9137c2
fonts/mplusrounded1c-800-d30eb974e9.woff2,排除,第三方组件/字体/素材；记录资源摘要，未逐行审查，声明与运行另验,14664,f1de8a1c9085fff1567f2f79abea7e6a05e5bfcfc325ce85a936121c78e2878e
fonts/mplusrounded1c-800-d42acf1c3a.woff2,排除,第三方组件/字体/素材；记录资源摘要，未逐行审查，声明与运行另验,13200,483f10f06dd8f972aebd78daa917c9d540c60d04536fb8855a76fb290953f2e5
fonts/mplusrounded1c-800-d4d62ecbea.woff2,排除,第三方组件/字体/素材；记录资源摘要，未逐行审查，声明与运行另验,16140,a31f4b1267e020ae5b521e46b345187d05fab9132463e0c0e26affbe8285912c
fonts/mplusrounded1c-800-dac5a10739.woff2,排除,第三方组件/字体/素材；记录资源摘要，未逐行审查，声明与运行另验,11840,afc0b46816bb8fa7f9066c9037e2fb568ac899fe60fc2524fb6ae51dc30b83df
fonts/mplusrounded1c-800-dd2252c9e8.woff2,排除,第三方组件/字体/素材；记录资源摘要，未逐行审查，声明与运行另验,6540,2fbdf3e8163ed65b4a21dcaff59c1d5bf8e535880ab0492c3d1194c54609f7bc
fonts/mplusrounded1c-800-df3885971f.woff2,排除,第三方组件/字体/素材；记录资源摘要，未逐行审查，声明与运行另验,16364,a1863e82d355c419d40a00ba97f04bc7bec6f48f6eabc37f0bd738c01e80efe6
fonts/mplusrounded1c-800-e1bb4c2ebd.woff2,排除,第三方组件/字体/素材；记录资源摘要，未逐行审查，声明与运行另验,15396,2544da16866df57c638f1a90ccaa5868564746be29fe3e6fd59ec91113352623
fonts/mplusrounded1c-800-e2a3c9bc12.woff2,排除,第三方组件/字体/素材；记录资源摘要，未逐行审查，声明与运行另验,8932,992ce9763b09a266955ae32a4fb6a5c30f0e5d9dbd3319ff7d34afe71deedd6b
fonts/mplusrounded1c-800-e361c0b20c.woff2,排除,第三方组件/字体/素材；记录资源摘要，未逐行审查，声明与运行另验,15064,cf4e08cd2874e7aae801712858a368d1971ea3c7c10da0966477f34bd63e337a
fonts/mplusrounded1c-800-e3d9011244.woff2,排除,第三方组件/字体/素材；记录资源摘要，未逐行审查，声明与运行另验,18004,fc83a2137066385dcfa1b278f918c7dbacbe592b844cc3d058f73d889884f8be
fonts/mplusrounded1c-800-e4656556ef.woff2,排除,第三方组件/字体/素材；记录资源摘要，未逐行审查，声明与运行另验,13732,fc5885e50254ab487d70f9dd07f33a67de194d6b60c40d8eed60e34a58d2a0f8
fonts/mplusrounded1c-800-e68b1bb051.woff2,排除,第三方组件/字体/素材；记录资源摘要，未逐行审查，声明与运行另验,13196,0f8f5ced7fa077b50a6d20a8e6bc42e34e7ca4880d63b9ec5c4c26e933f6bc8c
fonts/mplusrounded1c-800-e900ea89ec.woff2,排除,第三方组件/字体/素材；记录资源摘要，未逐行审查，声明与运行另验,6168,5d25ec69729f54fb35d3bdc31a337cbd0c77e953bae3b7e762f6230e728373fb
fonts/mplusrounded1c-800-e919781fd0.woff2,排除,第三方组件/字体/素材；记录资源摘要，未逐行审查，声明与运行另验,15052,37a071684458bafb694a432b17d82eb0ff645f1fa03f542e8a721a6a7e81a29b
fonts/mplusrounded1c-800-e969d48b5e.woff2,排除,第三方组件/字体/素材；记录资源摘要，未逐行审查，声明与运行另验,30896,284a2ba82a4f90ff0eb9533384178fda945cd7bcead6125919b29f41c319dd17
fonts/mplusrounded1c-800-ec1a07df47.woff2,排除,第三方组件/字体/素材；记录资源摘要，未逐行审查，声明与运行另验,14000,0a7da2b5dae803880c9de79a00d995df70e3e605f12e572849ab355f3d384de8
fonts/mplusrounded1c-800-ed6508a79a.woff2,排除,第三方组件/字体/素材；记录资源摘要，未逐行审查，声明与运行另验,13384,5d425dc94607c4fc914704845dfa7c9ba23f9e2a218d67d7a431c52b37ea415e
fonts/mplusrounded1c-800-ee5bbe4a5b.woff2,排除,第三方组件/字体/素材；记录资源摘要，未逐行审查，声明与运行另验,11128,bd77f90186845afc9ad8d9dba71ac5c5f6f1a68c121d14e72d926dd74ad0c456
fonts/mplusrounded1c-800-ee5fa105c1.woff2,排除,第三方组件/字体/素材；记录资源摘要，未逐行审查，声明与运行另验,12988,9cb8f40d0da2021ea56c2c4e27b30e897de0dc896ddc30a2a5149cf5d17b1a88
fonts/mplusrounded1c-800-f2edfdd723.woff2,排除,第三方组件/字体/素材；记录资源摘要，未逐行审查，声明与运行另验,12836,d2a641e914125f94530d0fbdf14d11d89e9884015bc6ddae522f97ebc676adf3
fonts/mplusrounded1c-800-f35fbd2c66.woff2,排除,第三方组件/字体/素材；记录资源摘要，未逐行审查，声明与运行另验,14016,a444be63323b990e2ba641585ec037a837f7ff1b697f7a43a62313ed76cbf37b
fonts/mplusrounded1c-800-f4f0f4b8fa.woff2,排除,第三方组件/字体/素材；记录资源摘要，未逐行审查，声明与运行另验,11036,3169604a962b7237da9efeadbd51ff82a3ab32dcf1f6d53fc2d2505d3dec0364
fonts/mplusrounded1c-800-f5df293b31.woff2,排除,第三方组件/字体/素材；记录资源摘要，未逐行审查，声明与运行另验,13192,b3b8a790d51610ba140349340a1d4a81714ffbb63b753f8c7f14796d095caad3
fonts/mplusrounded1c-800-f86b22b10a.woff2,排除,第三方组件/字体/素材；记录资源摘要，未逐行审查，声明与运行另验,14516,5c7f271adf61cb2907c43d660c095629714d54f9f922b2a044218eb1760c903e
fonts/mplusrounded1c-800-fc62a989d7.woff2,排除,第三方组件/字体/素材；记录资源摘要，未逐行审查，声明与运行另验,15512,58d6d74cc9de2038b3592b7852a306822fde37ca92a9413efbeef76351553a6c
fonts/mplusrounded1c-800-fd5ddda616.woff2,排除,第三方组件/字体/素材；记录资源摘要，未逐行审查，声明与运行另验,3308,1110ec9190bda84c98de5e23f2d9d547f4265d6198490380c471d8d09f23e4f6
fonts/notosanssc-400-0031940b8d.woff2,排除,第三方组件/字体/素材；记录资源摘要，未逐行审查，声明与运行另验,31216,81fa8ca5bacbda6e6d78cfcdcb43cb714b16efa4b5a080614fbf9c8188e23c19
fonts/notosanssc-400-00a839a078.woff2,排除,第三方组件/字体/素材；记录资源摘要，未逐行审查，声明与运行另验,32760,0404d02207b7b072a32d9becab37de3420a8f31266978d756d0e1225301f6888
fonts/notosanssc-400-00d160122e.woff2,排除,第三方组件/字体/素材；记录资源摘要，未逐行审查，声明与运行另验,19412,22b84cdfc5b47dcbf764478369109f9ec1a8c66d7963cf30dfc57de3abd64f42
fonts/notosanssc-400-038f5a41ad.woff2,排除,第三方组件/字体/素材；记录资源摘要，未逐行审查，声明与运行另验,22240,e0044aa161cc01383067bcce0fa368638d1ed083753fdc5db0082e96ae3631d2
fonts/notosanssc-400-03ed03c044.woff2,排除,第三方组件/字体/素材；记录资源摘要，未逐行审查，声明与运行另验,27700,a678dc9faf6674688fe4f74866bddc4155f0091ac4058e112074a619fc08004c
fonts/notosanssc-400-08b7f554de.woff2,排除,第三方组件/字体/素材；记录资源摘要，未逐行审查，声明与运行另验,24952,4326187b4e1370d12785707338cd16ba06eb7fc3bf866a7b8cb4087f71d666bd
fonts/notosanssc-400-0e4b0df29c.woff2,排除,第三方组件/字体/素材；记录资源摘要，未逐行审查，声明与运行另验,22376,b44bb9883d57447817aaba196fafd75f67c1e2d2cbd3ec36d98690e798e94889
fonts/notosanssc-400-1b79605826.woff2,排除,第三方组件/字体/素材；记录资源摘要，未逐行审查，声明与运行另验,22440,57884ef84983279320e75440b40c8ffc7f94d4ae2aa904f453a594baebb4dbf3
fonts/notosanssc-400-1de233a5af.woff2,排除,第三方组件/字体/素材；记录资源摘要，未逐行审查，声明与运行另验,25788,a8d0560ff9e88417d0e079864a47c6039dae7986cbbe85415bd8a78e4e3820ae
fonts/notosanssc-400-2279a53e3c.woff2,排除,第三方组件/字体/素材；记录资源摘要，未逐行审查，声明与运行另验,27404,576dd5abc648c087d61168a9df804b6f94e3c8dcca32a52d3b1596326b8cd70c
fonts/notosanssc-400-22c131b704.woff2,排除,第三方组件/字体/素材；记录资源摘要，未逐行审查，声明与运行另验,32192,332fc0db2f10a3fdce94edf5caf5632d94f95ce6cd3715e1ee8d032a1e4d5669
fonts/notosanssc-400-267d6836df.woff2,排除,第三方组件/字体/素材；记录资源摘要，未逐行审查，声明与运行另验,33164,f20ccaeab7d4244e651e6cac4296c2a26403108e70e8db5ac105b474670f1c28
fonts/notosanssc-400-2c80495f95.woff2,排除,第三方组件/字体/素材；记录资源摘要，未逐行审查，声明与运行另验,28944,f588ebfd432fb8574d7111c3115170717c3ae0785b88688251e92aa8d6a2ca23
fonts/notosanssc-400-2e589c140a.woff2,排除,第三方组件/字体/素材；记录资源摘要，未逐行审查，声明与运行另验,4704,2b58832ab88ec951c9844b0d5bc0409d087269f4be2644906810848d87faabad
fonts/notosanssc-400-2ed4fa3585.woff2,排除,第三方组件/字体/素材；记录资源摘要，未逐行审查，声明与运行另验,25120,e9fd7c679cda8fd773244481d4390ebee71d0523e9a723a7fa3c243128349594
fonts/notosanssc-400-2fa59e2471.woff2,排除,第三方组件/字体/素材；记录资源摘要，未逐行审查，声明与运行另验,23668,d4bfa9e6b4acd3c4840bc74ac8846927f9b360b19523b0de39d878a1378a534e
fonts/notosanssc-400-328dcda284.woff2,排除,第三方组件/字体/素材；记录资源摘要，未逐行审查，声明与运行另验,24176,221fde0edcb420c15479b4f8a0f9ce44f2c18daed7e40edeac54add5dc46df6d
fonts/notosanssc-400-33ab6d8537.woff2,排除,第三方组件/字体/素材；记录资源摘要，未逐行审查，声明与运行另验,29556,fdd9aae52145fe71b3a2ecda23f7f2ef8460dc817cca0419b2b7c97e90e00dd7
fonts/notosanssc-400-33d39ac000.woff2,排除,第三方组件/字体/素材；记录资源摘要，未逐行审查，声明与运行另验,34548,ffecbf6ea4b0e598abaa72dc50f0b1cbbde6de4b89f3400853e51cda18b2b03e
fonts/notosanssc-400-3615ffbc17.woff2,排除,第三方组件/字体/素材；记录资源摘要，未逐行审查，声明与运行另验,26120,5888533210e5b7e327e9187d67d6f87333bf8921bb25d9a1960a445bcf9a767a
fonts/notosanssc-400-3c7497cf43.woff2,排除,第三方组件/字体/素材；记录资源摘要，未逐行审查，声明与运行另验,28684,9a15d9ca2b3a0e2d3a3decbd923aab1b28c08cbe04d6ddaa0fc486210180b0db
fonts/notosanssc-400-41ae1e44df.woff2,排除,第三方组件/字体/素材；记录资源摘要，未逐行审查，声明与运行另验,30384,0d53976e733bdac4cb5d82d3c81541c62e81316d5168ef9e32c13d3cb7350e88
fonts/notosanssc-400-41cd0b9c94.woff2,排除,第三方组件/字体/素材；记录资源摘要，未逐行审查，声明与运行另验,32676,e4d24ba921e93102c2b198187e4e0ed507aafd07e5cd6de032d5df7b76ee044b
fonts/notosanssc-400-41f06354ca.woff2,排除,第三方组件/字体/素材；记录资源摘要，未逐行审查，声明与运行另验,25400,18a82abced21f95dd62e67dab46c3612f4efe4acf4ba49bc699e0ef8a56a8e29
fonts/notosanssc-400-45d254d05a.woff2,排除,第三方组件/字体/素材；记录资源摘要，未逐行审查，声明与运行另验,25952,fdf4cb489da2742f81f03387b786670b060778faa7cc94e5d31449c7abedf32c
fonts/notosanssc-400-46b8c2d7a2.woff2,排除,第三方组件/字体/素材；记录资源摘要，未逐行审查，声明与运行另验,29776,31087e9afdd6b4d9a3b87054e06d9e1a357c5c7622f53d06a873dcbe89cab1ed
fonts/notosanssc-400-4a05a37baa.woff2,排除,第三方组件/字体/素材；记录资源摘要，未逐行审查，声明与运行另验,24788,28208e128052edc267e874112fd7dd5f15f4fead0e2d93300a7421b8ffebba0a
fonts/notosanssc-400-4c7dce60f8.woff2,排除,第三方组件/字体/素材；记录资源摘要，未逐行审查，声明与运行另验,25128,f1201d94e3bc475a5ed2ae50c1d8567612ceb726845671e3b6881dcbf58e7b11
fonts/notosanssc-400-4e94cdcb5a.woff2,排除,第三方组件/字体/素材；记录资源摘要，未逐行审查，声明与运行另验,5212,bfedc5f12e9b48fab4a9e33df40f8916eacc58ecc8708353f4202736214af745
fonts/notosanssc-400-4f40c62b0b.woff2,排除,第三方组件/字体/素材；记录资源摘要，未逐行审查，声明与运行另验,26892,567c513b94ef3e986099ba0abb2ce6cd148d1a7725f86e5f1ba941fc45b829cd
fonts/notosanssc-400-534e3a9d02.woff2,排除,第三方组件/字体/素材；记录资源摘要，未逐行审查，声明与运行另验,24720,b6be37866f0d950777a6ce2ab417aba11acc3c52786072b0d760da2a277cd248
fonts/notosanssc-400-5530627e50.woff2,排除,第三方组件/字体/素材；记录资源摘要，未逐行审查，声明与运行另验,31028,8eef1fa6b5557ee00c1451df31ff4f56833a8460494446d943a8228d4daf9f72
fonts/notosanssc-400-56274bd919.woff2,排除,第三方组件/字体/素材；记录资源摘要，未逐行审查，声明与运行另验,32056,7a7980f80559bb36dfff4ea64e9b03d926c98566fb7326181569ac1e8334b717
fonts/notosanssc-400-58c54e8476.woff2,排除,第三方组件/字体/素材；记录资源摘要，未逐行审查，声明与运行另验,30712,d58ca6082d43993a894bcee72181b98527d3ef003099ba61146e3df4883a7be2
fonts/notosanssc-400-5b991d6893.woff2,排除,第三方组件/字体/素材；记录资源摘要，未逐行审查，声明与运行另验,5304,8cb87d06499a5084cd4b794e90b319c5526ab1da25db009a54f8f8ccd60ba948
fonts/notosanssc-400-66ccb32eee.woff2,排除,第三方组件/字体/素材；记录资源摘要，未逐行审查，声明与运行另验,33328,cd55851f977ad169931a3dadb030baf28b0ddca4ebed5db3dc768e36024f39ff
fonts/notosanssc-400-672fa8fda0.woff2,排除,第三方组件/字体/素材；记录资源摘要，未逐行审查，声明与运行另验,23076,8e8000bc63050f471435f43951bcf049974c9e771bd999c482ddd36fb9b26516
fonts/notosanssc-400-6a30412f04.woff2,排除,第三方组件/字体/素材；记录资源摘要，未逐行审查，声明与运行另验,25452,d3b6a5f1526dde1ecab11dba6a654e0884142e6424326e461b8f4056227338f7
fonts/notosanssc-400-6b88a81553.woff2,排除,第三方组件/字体/素材；记录资源摘要，未逐行审查，声明与运行另验,13304,2a75408e073f2d7e03e14c24f25fb093571b73a030f2f483ae256d6975e930d0
fonts/notosanssc-400-6d0ba58ecf.woff2,排除,第三方组件/字体/素材；记录资源摘要，未逐行审查，声明与运行另验,4708,f07ef64be4c8a5064101c6ecc586a3b487a5ebed8164e21ff7260f4cf5790008
fonts/notosanssc-400-6f602e2288.woff2,排除,第三方组件/字体/素材；记录资源摘要，未逐行审查，声明与运行另验,26692,65e8c613cbad5188cf0e9a9bb9efa8f0a6c1cf6d3c479dd34bf557d3da28ed7b
fonts/notosanssc-400-7247728b9a.woff2,排除,第三方组件/字体/素材；记录资源摘要，未逐行审查，声明与运行另验,30472,6624c02437475caaf043f015208ef74c74e8fe8633d54ae1d5fc3a9ed38e7ea0
fonts/notosanssc-400-72678993f8.woff2,排除,第三方组件/字体/素材；记录资源摘要，未逐行审查，声明与运行另验,25544,b01eb9c4a36dadd01aae9fd0679e108144a35c83d8b571b9ca7a5f3ddb8663e3
fonts/notosanssc-400-72d81abcb3.woff2,排除,第三方组件/字体/素材；记录资源摘要，未逐行审查，声明与运行另验,32100,357be17c54c5bec1de5b00083811b9121707382705635d1a0ef5c3427451e656
fonts/notosanssc-400-7392878e6d.woff2,排除,第三方组件/字体/素材；记录资源摘要，未逐行审查，声明与运行另验,28748,e0812601cf62c3ed71199189e20378c00dc567a12cbe05377098c2b9de903bd3
fonts/notosanssc-400-73cdb317df.woff2,排除,第三方组件/字体/素材；记录资源摘要，未逐行审查，声明与运行另验,1412,080d7bb6884be3cf146348a70fa5cd912eb0b1ce64d12a0d09c541e74722f6ce
fonts/notosanssc-400-749770a481.woff2,排除,第三方组件/字体/素材；记录资源摘要，未逐行审查，声明与运行另验,27956,63cce03a9ad8fada17258b8bb52b871d53e50bcffb4610fe371840da7866680c
fonts/notosanssc-400-7b729cd5c0.woff2,排除,第三方组件/字体/素材；记录资源摘要，未逐行审查，声明与运行另验,25288,0b08cfec4dfe8f751b4b2e7dd30fb52983754840891fa5c0fcf625214184d11f
fonts/notosanssc-400-7d0d75c885.woff2,排除,第三方组件/字体/素材；记录资源摘要，未逐行审查，声明与运行另验,28048,cb12154112692c66db52f2e4fdfaa4fc113ac0b9570adaec4ee4c55cc2fbdb76
fonts/notosanssc-400-7d8a6c4235.woff2,排除,第三方组件/字体/素材；记录资源摘要，未逐行审查，声明与运行另验,25012,b7eaf718308abdb9cde6e0796981df5d66e3b6ac09ef72e0fe7cdd72226afb3b
fonts/notosanssc-400-806bc2bc5a.woff2,排除,第三方组件/字体/素材；记录资源摘要，未逐行审查，声明与运行另验,6112,6fe0b048940f7476c957e5af8bcab55110e4b25c50a1ec35339ff1bfe971dd84
fonts/notosanssc-400-8269e873b9.woff2,排除,第三方组件/字体/素材；记录资源摘要，未逐行审查，声明与运行另验,28156,9c4e7b148a74989bbd9ccb983cd34d8d37377245d1b091ca246ea9592badfcd8
fonts/notosanssc-400-8346886882.woff2,排除,第三方组件/字体/素材；记录资源摘要，未逐行审查，声明与运行另验,21888,6d7dab9e4d58643b61723efa00f66308298307b4f56009207d496ffe1c8f4480
fonts/notosanssc-400-84e91917fb.woff2,排除,第三方组件/字体/素材；记录资源摘要，未逐行审查，声明与运行另验,30996,f2fd94429f722da169fb4b0a3a132ef5bf92d0b0aa3ae3426006446d50994c36
fonts/notosanssc-400-854da76fee.woff2,排除,第三方组件/字体/素材；记录资源摘要，未逐行审查，声明与运行另验,17912,ae918e4d6d8a608f411b816d2098365e0ea33bcfc3586843aae4ab0e5215f923
fonts/notosanssc-400-863b437c86.woff2,排除,第三方组件/字体/素材；记录资源摘要，未逐行审查，声明与运行另验,29164,564a1aaea728633fbe7aa09b5bb43d43dd9ee3bdac8a600f031f2a761edd5e99
fonts/notosanssc-400-874b38b2db.woff2,排除,第三方组件/字体/素材；记录资源摘要，未逐行审查，声明与运行另验,30520,635735a1ff65f4117480fdd5539a9e82527525ed3415316ee1e4a112f55074e1
fonts/notosanssc-400-87fe24a067.woff2,排除,第三方组件/字体/素材；记录资源摘要，未逐行审查，声明与运行另验,36840,b7f880a03391f72ea94333e2a4506d3ff6d651de4668ad8e92ceaefbba5264de
fonts/notosanssc-400-8a1cd25d12.woff2,排除,第三方组件/字体/素材；记录资源摘要，未逐行审查，声明与运行另验,41288,190237c828b2ea0f076bd1a4a1e6bbd7365e56a5ef837042e35763585250b3ac
fonts/notosanssc-400-8b6aae66cb.woff2,排除,第三方组件/字体/素材；记录资源摘要，未逐行审查，声明与运行另验,27864,bf7c1b4b8b0d1110c761720b977d237d350130d29db48aea0bc5189f572dad3d
fonts/notosanssc-400-8be7baf885.woff2,排除,第三方组件/字体/素材；记录资源摘要，未逐行审查，声明与运行另验,28548,81709277ab70ec4442552c26ec484ac4fea9825608e35937d46918853718de2f
fonts/notosanssc-400-9072c9b564.woff2,排除,第三方组件/字体/素材；记录资源摘要，未逐行审查，声明与运行另验,24404,70a3d11131391c5df15ec99c21d3c206562575e3e4adfb3e757aa9dc631e9415
fonts/notosanssc-400-92e1b488c9.woff2,排除,第三方组件/字体/素材；记录资源摘要，未逐行审查，声明与运行另验,24704,d1f0c930082af4cae9a7889dd2da82b43fbb58a3b5ebfaff7b8d3e40e8d2cff0
fonts/notosanssc-400-96308627d0.woff2,排除,第三方组件/字体/素材；记录资源摘要，未逐行审查，声明与运行另验,34272,597b821e126e722b3d0627dbfe2e39bdfdb3c7a8f2b6ced3473775c701551a67
fonts/notosanssc-400-9c52b3aeb3.woff2,排除,第三方组件/字体/素材；记录资源摘要，未逐行审查，声明与运行另验,22652,b0b1daf10780e6c6e4ee7c9c63dda6e9abc979310f28ff6c55a97329927bce95
fonts/notosanssc-400-a51659470c.woff2,排除,第三方组件/字体/素材；记录资源摘要，未逐行审查，声明与运行另验,5324,29e5f26e91a5bef53dec181db1ba48b7fbc930a3a447250c480b15f2d8b80aa2
fonts/notosanssc-400-a5dbb44520.woff2,排除,第三方组件/字体/素材；记录资源摘要，未逐行审查，声明与运行另验,6468,eb89d4458482416aa7cdc5bf2375ba2dadb558cc47743c248f1a9f59d82768aa
fonts/notosanssc-400-a835c0eb6b.woff2,排除,第三方组件/字体/素材；记录资源摘要，未逐行审查，声明与运行另验,27604,5ce8d305e655b53de2b9b59c63c848775150789c8e983db68caeab86740c2e1a
fonts/notosanssc-400-ab555e286d.woff2,排除,第三方组件/字体/素材；记录资源摘要，未逐行审查，声明与运行另验,4484,e4210347a3d738093686d2d605c45b0dd0c7441acc3da8094cea25943c8fd40f
fonts/notosanssc-400-ab96823311.woff2,排除,第三方组件/字体/素材；记录资源摘要，未逐行审查，声明与运行另验,31148,eb1ed88c9e62baa9c53869812906422ad7ff122f2c85f996d7ff60ddfe06d903
fonts/notosanssc-400-afee1fb96e.woff2,排除,第三方组件/字体/素材；记录资源摘要，未逐行审查，声明与运行另验,22496,566e608c80f851b7d830c2c85770790b7d6b3d4c532501a7c7d3edd99613fc3a
fonts/notosanssc-400-b038edb612.woff2,排除,第三方组件/字体/素材；记录资源摘要，未逐行审查，声明与运行另验,10904,c875a169469fae4dfab49cb63ae1e5ceab706ea083b44a27ae89da93bb021c1d
fonts/notosanssc-400-b091ede674.woff2,排除,第三方组件/字体/素材；记录资源摘要，未逐行审查，声明与运行另验,33208,6f1efc3f7a993358a56290ea16b4e241d3618f2791733209ef332737d2b1ac5d
fonts/notosanssc-400-b1488a3fca.woff2,排除,第三方组件/字体/素材；记录资源摘要，未逐行审查，声明与运行另验,21936,a956682a0067e4f0bc614dfa53cb86ea077906784254708eed56610694a48546
fonts/notosanssc-400-b1ffdb1a66.woff2,排除,第三方组件/字体/素材；记录资源摘要，未逐行审查，声明与运行另验,17540,d1b5af0c20b10f416cbcab989c6a4ce295a25180d324a33763e70e60dd69bee0
fonts/notosanssc-400-b7fbbe65d8.woff2,排除,第三方组件/字体/素材；记录资源摘要，未逐行审查，声明与运行另验,25440,bb8182f884d9a84289713b2d7c15115c36ee0a9be4f695596ecd6c9670b22d44
fonts/notosanssc-400-ba9afadc5f.woff2,排除,第三方组件/字体/素材；记录资源摘要，未逐行审查，声明与运行另验,2076,0695f65b38d373d6fe451a8104b9236a63223285438473adbfb767f36bb11b92
fonts/notosanssc-400-bb6b403e89.woff2,排除,第三方组件/字体/素材；记录资源摘要，未逐行审查，声明与运行另验,24460,525eef80cf1b1fe2659167daa83bb853f83b643c5828f4cafb6d60aeb554ef6d
fonts/notosanssc-400-bccf2d8cd1.woff2,排除,第三方组件/字体/素材；记录资源摘要，未逐行审查，声明与运行另验,19708,e7827744951cb54a9fcae95b0ecd71618f51dd292ada890c590d5ad78782a890
fonts/notosanssc-400-bd88cb22d4.woff2,排除,第三方组件/字体/素材；记录资源摘要，未逐行审查，声明与运行另验,27220,1ff769bd29425085aadb50467fcec022eb8b749019af66765b780e9a0f7cc969
fonts/notosanssc-400-c3922fb70d.woff2,排除,第三方组件/字体/素材；记录资源摘要，未逐行审查，声明与运行另验,6192,7af32afb6e5bc5c002758143cfa3e780f300740ce2101f95995f90c51ca07e01
fonts/notosanssc-400-c540572fc5.woff2,排除,第三方组件/字体/素材；记录资源摘要，未逐行审查，声明与运行另验,28120,5744f8001a3e231990bd1fe87b080bdd4b4d0e658c84a3bcdb5555e57e32661a
fonts/notosanssc-400-c7228956c1.woff2,排除,第三方组件/字体/素材；记录资源摘要，未逐行审查，声明与运行另验,30036,9bd05189a915eecfeca3a047920951efc34fe4ff9acf807a953cc82424da6147
fonts/notosanssc-400-c8d21defe8.woff2,排除,第三方组件/字体/素材；记录资源摘要，未逐行审查，声明与运行另验,29968,d83b8291340e0024c8a573afe48b60ce22ed00d87619a7f3950b2193d19af6c9
fonts/notosanssc-400-cca77cdc53.woff2,排除,第三方组件/字体/素材；记录资源摘要，未逐行审查，声明与运行另验,17304,5eab3572e5dfc501ab8f17e54f1df1237f567b8eca1757ddcabdf74704a85ee8
fonts/notosanssc-400-cf5d90f8b2.woff2,排除,第三方组件/字体/素材；记录资源摘要，未逐行审查，声明与运行另验,6240,bcfdf8cf98bd6309f105f8355329db988ab89c9342bf7011468b7880d4d96cd8
fonts/notosanssc-400-d361057bdc.woff2,排除,第三方组件/字体/素材；记录资源摘要，未逐行审查，声明与运行另验,22240,267b7c3abf1331eac941f589248b677b1946adcb5ce0a393dc5ae4bc50e019e2
fonts/notosanssc-400-d47fbade6e.woff2,排除,第三方组件/字体/素材；记录资源摘要，未逐行审查，声明与运行另验,25820,382d83fc17c0ff8051267bdb25518b8579149186658b4980ae0a591a46dae8c8
fonts/notosanssc-400-d57a891f26.woff2,排除,第三方组件/字体/素材；记录资源摘要，未逐行审查，声明与运行另验,32552,ef41ce86145108505d0c6f229229791ca8771d088a4d1c5a37840031adb5f0c7
fonts/notosanssc-400-d66ee5a18b.woff2,排除,第三方组件/字体/素材；记录资源摘要，未逐行审查，声明与运行另验,27744,153bd830dcd1700d3ddba1bf030cc7886b336fbfc9182e0991263386578ad989
fonts/notosanssc-400-d83d35db4a.woff2,排除,第三方组件/字体/素材；记录资源摘要，未逐行审查，声明与运行另验,20844,c0e3c0dc21700173d1f63678e8a4e675736242344abe371a528fc3448173dbb7
fonts/notosanssc-400-d8b48158b9.woff2,排除,第三方组件/字体/素材；记录资源摘要，未逐行审查，声明与运行另验,5204,1ded3d06687b7ba7a315d4a5442431af6e69718272666abfd2b78f66fd65f327
fonts/notosanssc-400-d9b722faaa.woff2,排除,第三方组件/字体/素材；记录资源摘要，未逐行审查，声明与运行另验,23076,b412b8dc0f9e30e825c35445b725c3d5619f741fc01d757c35ffd258d581ef7b
fonts/notosanssc-400-daf6835fe1.woff2,排除,第三方组件/字体/素材；记录资源摘要，未逐行审查，声明与运行另验,14600,f6bcaef8ab8e5f9f780af09b1820c8327cd1e391f2f837489e868c310e133dd0
fonts/notosanssc-400-db26489dda.woff2,排除,第三方组件/字体/素材；记录资源摘要，未逐行审查，声明与运行另验,33840,de0d9bc6e0e5d3b337ca93b5189a2a235b0f74dcfa58c94f9d9a8e1ccdf2483a
fonts/notosanssc-400-dc1cdf451b.woff2,排除,第三方组件/字体/素材；记录资源摘要，未逐行审查，声明与运行另验,28084,5d33063a54f945d0d985e9da540f5abe2b6ad3a968da3367b872b5cd7efc2fc4
fonts/notosanssc-400-dedc45b94f.woff2,排除,第三方组件/字体/素材；记录资源摘要，未逐行审查，声明与运行另验,29636,ad1b3a57ac21ed3f8c95b16a229bc76cced8e49a7ccb46213cdaf9f5f2456eb2
fonts/notosanssc-400-e2560eecb1.woff2,排除,第三方组件/字体/素材；记录资源摘要，未逐行审查，声明与运行另验,2300,ed2fe4daa3dde221f92e9d6ce967101b850bdff9d17065689070dc2650040518
fonts/notosanssc-400-ec269fc8aa.woff2,排除,第三方组件/字体/素材；记录资源摘要，未逐行审查，声明与运行另验,32380,6d4a79aff3792b5dd83aad78768e050c9e5cad336c6db1a6932b33db15a06664
fonts/notosanssc-400-f40d8eba31.woff2,排除,第三方组件/字体/素材；记录资源摘要，未逐行审查，声明与运行另验,26456,013a27d2ea2d3330344f82447df2160c3075fe2cc21d45bd24ade319fb2cafde
fonts/notosanssc-400-f890ed0210.woff2,排除,第三方组件/字体/素材；记录资源摘要，未逐行审查，声明与运行另验,34144,b1a0d456ebff097f0ef909ea1d0680a993ee018e0c8a319c77576abacdccc22c
fonts/notosanssc-500-018484465a.woff2,排除,第三方组件/字体/素材；记录资源摘要，未逐行审查，声明与运行另验,30216,e851ebe2dd4a51ef93348444ef9b48ae328fa4ca473e52d1cfdabaf57048679a
fonts/notosanssc-500-01b84fb2f6.woff2,排除,第三方组件/字体/素材；记录资源摘要，未逐行审查，声明与运行另验,30056,f0e8fd8bec62acb13d5d1addb777502ebc4a7eef3c5ee60937e7413c9481d936
fonts/notosanssc-500-0599eba8f9.woff2,排除,第三方组件/字体/素材；记录资源摘要，未逐行审查，声明与运行另验,28156,c465abc45fa5113986110fc11a06d7f8d0d68bd042e642bbfb102d8b0ab963e4
fonts/notosanssc-500-0997001048.woff2,排除,第三方组件/字体/素材；记录资源摘要，未逐行审查，声明与运行另验,5268,1f79f75f851f75c8717b7cdb30a15b6fa1819614a313a3d807130de05ce6d07c
fonts/notosanssc-500-0d93991baf.woff2,排除,第三方组件/字体/素材；记录资源摘要，未逐行审查，声明与运行另验,29144,39d9c865c7f0d7ea8ee2e12961fd89647b89309982815347e6b32b905ca8ff78
fonts/notosanssc-500-0eb19046bb.woff2,排除,第三方组件/字体/素材；记录资源摘要，未逐行审查，声明与运行另验,25928,07429c580ee652c6833d2458c11ff4aae1b98d07ac4f8d2cc5c4858973ac96e7
fonts/notosanssc-500-1505e779cc.woff2,排除,第三方组件/字体/素材；记录资源摘要，未逐行审查，声明与运行另验,33036,82dd64500c23e402afb594f053c42161a8f95ecc32a74f6a3b4ba622f3c55c4b
fonts/notosanssc-500-19da93944e.woff2,排除,第三方组件/字体/素材；记录资源摘要，未逐行审查，声明与运行另验,29528,3535c1340097a6ade1121485b7275efede81ea9eb43a10f82cc9ff946e5821c9
fonts/notosanssc-500-1b5efadee6.woff2,排除,第三方组件/字体/素材；记录资源摘要，未逐行审查，声明与运行另验,31136,4acf258711de3c260670cd425a707211286bcde3a9255b2fea84bc9b217334ee
fonts/notosanssc-500-1d7bb50552.woff2,排除,第三方组件/字体/素材；记录资源摘要，未逐行审查，声明与运行另验,6268,8391f272643199f6fead5d5a66513f8531d30937b6d9b323443fb9d21ee751b4
fonts/notosanssc-500-22a966a1cf.woff2,排除,第三方组件/字体/素材；记录资源摘要，未逐行审查，声明与运行另验,1432,261b128b829c837ffd8f997305549630eee804da2877bfac4ca07d79367a62c3
fonts/notosanssc-500-23989adcf1.woff2,排除,第三方组件/字体/素材；记录资源摘要，未逐行审查，声明与运行另验,28348,02b8d1d4ca58dfe1fa1d6a93691ccc38e7d6604d3ed228a5d6e91a078219bf36
fonts/notosanssc-500-23cb214e4f.woff2,排除,第三方组件/字体/素材；记录资源摘要，未逐行审查，声明与运行另验,30332,a8d57bfb349f7d0bb293a4b575c489a767110debc037ce753f0e99994eaae8de
fonts/notosanssc-500-2551f1a51f.woff2,排除,第三方组件/字体/素材；记录资源摘要，未逐行审查，声明与运行另验,17472,250c5fd0f7428460d66196888bdf4d74c0c5e10823e2b6db9b2890c78fa15644
fonts/notosanssc-500-25e20c6c60.woff2,排除,第三方组件/字体/素材；记录资源摘要，未逐行审查，声明与运行另验,28180,82d33f5e88bf02818b54f6a810d413783b058e12753f6e0f90253d4ca238f32a
fonts/notosanssc-500-270189fd65.woff2,排除,第三方组件/字体/素材；记录资源摘要，未逐行审查，声明与运行另验,34532,f91199c958305361c503391dfa2d17cb578b90ceb5e67d7cf636bfcacbd98bc6
fonts/notosanssc-500-28fe91f4cd.woff2,排除,第三方组件/字体/素材；记录资源摘要，未逐行审查，声明与运行另验,17972,7683ccd1784eba1b8b3ac400d0aa5210e5249153fa2995bd56a77fa5f457cef3
fonts/notosanssc-500-2c3bcc3a52.woff2,排除,第三方组件/字体/素材；记录资源摘要，未逐行审查，声明与运行另验,32952,c2102194c942431de421c890d5dc03f26407a980d8fb49ad89e3d6e12e0b3644
fonts/notosanssc-500-2f6c8e7210.woff2,排除,第三方组件/字体/素材；记录资源摘要，未逐行审查，声明与运行另验,6216,e146f4653c0b142b4516c159752153cfe731101bc3711b47cb1e0bce736c3512
fonts/notosanssc-500-343c0f8af2.woff2,排除,第三方组件/字体/素材；记录资源摘要，未逐行审查，声明与运行另验,33160,c0aa4c45b1a10e4cf1d8c4f19355a33909b6e230816aadba6ad068c53a3fcabf
fonts/notosanssc-500-3448f557b3.woff2,排除,第三方组件/字体/素材；记录资源摘要，未逐行审查，声明与运行另验,25616,f126ae617997f88b531d274a0499df8c27b0cd26f1d95dea699e5440396536fe
fonts/notosanssc-500-3584a2d792.woff2,排除,第三方组件/字体/素材；记录资源摘要，未逐行审查，声明与运行另验,32468,5dba8c0a9ac2ee6aecb900c4ce1be7651ae27e44eb3d7ca1f0aaff68d3234f6b
fonts/notosanssc-500-3b1d50213c.woff2,排除,第三方组件/字体/素材；记录资源摘要，未逐行审查，声明与运行另验,26280,c4e0a241ad15910b212c814b4cb35e9beff4fe4d7b1d3572dfc185e2c7e41ca5
fonts/notosanssc-500-4bc89caf7f.woff2,排除,第三方组件/字体/素材；记录资源摘要，未逐行审查，声明与运行另验,30820,e743c57d61f6c7ab241a81189dce8844e92a4743d7b43de89957c84295e0f3c2
fonts/notosanssc-500-52f1d0db4b.woff2,排除,第三方组件/字体/素材；记录资源摘要，未逐行审查，声明与运行另验,22500,e9deac97835c8b8bcdf604f699e2783ab25fe87568692e2b957bca77ad3ef213
fonts/notosanssc-500-598c645d4b.woff2,排除,第三方组件/字体/素材；记录资源摘要，未逐行审查，声明与运行另验,4752,b4da1d09d0b130c685bea0c5a86a2eaf400ae4810715c08f3a7b62a01c29c7eb
fonts/notosanssc-500-5dd8290ba6.woff2,排除,第三方组件/字体/素材；记录资源摘要，未逐行审查，声明与运行另验,22600,6eff17450c2bdb23626c1beaa29f2428fbb765741e4c4509e97aad444217db98
fonts/notosanssc-500-5e17aa9ed5.woff2,排除,第三方组件/字体/素材；记录资源摘要，未逐行审查，声明与运行另验,24048,29ea5b5ee2879a17329940390b3b7d135030cbef19372f21cd03d7a04860a332
fonts/notosanssc-500-60a8556651.woff2,排除,第三方组件/字体/素材；记录资源摘要，未逐行审查，声明与运行另验,2104,8b6ed72d41fc93e05fab2126a635584d316d3582fb381b7cacb0f1d2a12e8d5a
fonts/notosanssc-500-64abe3ed80.woff2,排除,第三方组件/字体/素材；记录资源摘要，未逐行审查，声明与运行另验,19684,5b28bb0adb6200ddbe0c6c19b12b1734627bb4f1e6e485aab8e5986bf512701e
fonts/notosanssc-500-6880f6f547.woff2,排除,第三方组件/字体/素材；记录资源摘要，未逐行审查，声明与运行另验,22776,0c6702b4fd3d5b0abb10107a8f9fdc8cbde7d375e9e9f2c665c5a6b99334f317
fonts/notosanssc-500-6929ecc8f7.woff2,排除,第三方组件/字体/素材；记录资源摘要，未逐行审查，声明与运行另验,31620,ae941c10e79e8fa909b7875b3e55ce082ad119c4192e13e7388ecfba833d3af6
fonts/notosanssc-500-6ae0d2b766.woff2,排除,第三方组件/字体/素材；记录资源摘要，未逐行审查，声明与运行另验,24656,2b648db3a5b08b75b557dabd564ca3d8901cb3601369272197ae357293459694
fonts/notosanssc-500-6daa9e1af4.woff2,排除,第三方组件/字体/素材；记录资源摘要，未逐行审查，声明与运行另验,24984,64b37345de40f95e23a933101d2e31941750a3063d25f088e5239351e0cfa1d0
fonts/notosanssc-500-711f8e275a.woff2,排除,第三方组件/字体/素材；记录资源摘要，未逐行审查，声明与运行另验,22568,dd20c336fb73a7503b153ad8d7f662787235a07f22256739a943d9134f8fdbfd
fonts/notosanssc-500-7328faa552.woff2,排除,第三方组件/字体/素材；记录资源摘要，未逐行审查，声明与运行另验,25768,9af62e7a8dae1d0d164c91f7c582d4b96313fe9796b401b90f935966cedc7906
fonts/notosanssc-500-7351afb96a.woff2,排除,第三方组件/字体/素材；记录资源摘要，未逐行审查，声明与运行另验,31100,b65c33ea0308a07ad7ec8e21f837aec715f463a9d5fd9616f6bf473d0b19e142
fonts/notosanssc-500-747a5ee227.woff2,排除,第三方组件/字体/素材；记录资源摘要，未逐行审查，声明与运行另验,27044,627514611562fad9b5e9383c95afca531827928419edbbef7e094e3decef6e73
fonts/notosanssc-500-76de8beab8.woff2,排除,第三方组件/字体/素材；记录资源摘要，未逐行审查，声明与运行另验,28432,9a63d3358cc2050cb5badee0692591e87b302ce1c2f92dd9842eb01d85d85ff5
fonts/notosanssc-500-78104f75a6.woff2,排除,第三方组件/字体/素材；记录资源摘要，未逐行审查，声明与运行另验,6548,913787f7f437a0d964140e048d8aecdeb62e6627ed37eac2d9277c8e905f1b5e
fonts/notosanssc-500-797abd47ea.woff2,排除,第三方组件/字体/素材；记录资源摘要，未逐行审查，声明与运行另验,37928,52d21db365e9625e26631b83a2edac77b53493067a58fb092121e3ef0d7af126
fonts/notosanssc-500-797dfa7b16.woff2,排除,第三方组件/字体/素材；记录资源摘要，未逐行审查，声明与运行另验,27840,96cd8e150c5b6c476cdbbf6871c66b9d1c98e4d8981efb7cace3d2b7d42144a0
fonts/notosanssc-500-79bcf21ce4.woff2,排除,第三方组件/字体/素材；记录资源摘要，未逐行审查，声明与运行另验,4828,814820e0e76f490358dceadfb6ce6cf78b651650e2e2d0b232f869df6f380e80
fonts/notosanssc-500-7e20211d77.woff2,排除,第三方组件/字体/素材；记录资源摘要，未逐行审查，声明与运行另验,34952,9123320327f6b3161045b3dfc57c0135fa433f98211565524704e7b4695665a7
fonts/notosanssc-500-7fe4c5b543.woff2,排除,第三方组件/字体/素材；记录资源摘要，未逐行审查，声明与运行另验,30112,db5b7ab4aeadcf69485a8852cd528123320e5e4da0bc3fe62e8b738d9c47b48c
fonts/notosanssc-500-81ba820bb9.woff2,排除,第三方组件/字体/素材；记录资源摘要，未逐行审查，声明与运行另验,30968,58662302cdbed4db84061a46489c4d58adeded51531757ef65bf9ed75fdd7e9f
fonts/notosanssc-500-82073f17c5.woff2,排除,第三方组件/字体/素材；记录资源摘要，未逐行审查，声明与运行另验,32792,2c985bd138ca9af7217144fc59d0799015c26c28c0f6ac76c61f029859aeae40
fonts/notosanssc-500-865f88f2b5.woff2,排除,第三方组件/字体/素材；记录资源摘要，未逐行审查，声明与运行另验,30540,79681188961626276089d3377aeb6935627d12e2c4cb51aa49c5474b0f7c44ad
fonts/notosanssc-500-86a06692fb.woff2,排除,第三方组件/字体/素材；记录资源摘要，未逐行审查，声明与运行另验,25724,694803a7cb3c3e522f2dc45963ef46b28481955db7a32dea01430963c8fe7926
fonts/notosanssc-500-87fd748cc5.woff2,排除,第三方组件/字体/素材；记录资源摘要，未逐行审查，声明与运行另验,25040,3cc77b9323e114aba43d709fbb736736c2bd4216aeb13c5dc8c44fc76907060b
fonts/notosanssc-500-8900669092.woff2,排除,第三方组件/字体/素材；记录资源摘要，未逐行审查，声明与运行另验,26136,451f43afd1119da9fbc39b23326ad921e01079f441730c9b9539d29608d39996
fonts/notosanssc-500-8d8035d997.woff2,排除,第三方组件/字体/素材；记录资源摘要，未逐行审查，声明与运行另验,26052,87ead474fa12b14c12e05fc49c52ed4dce482cdec37d666a1fa41dba764682ee
fonts/notosanssc-500-8eb2b0249c.woff2,排除,第三方组件/字体/素材；记录资源摘要，未逐行审查，声明与运行另验,26976,cdf94544f8882dc63af0ec00d641e95e9e625b2e2980c83965e8fb3c72409660
fonts/notosanssc-500-9981ffca80.woff2,排除,第三方组件/字体/素材；记录资源摘要，未逐行审查，声明与运行另验,29100,a708a0c6180bf527f1fc8bd0200d9f9d7877c3c5f196624384d36e5b2e8838df
fonts/notosanssc-500-9a0ee5889a.woff2,排除,第三方组件/字体/素材；记录资源摘要，未逐行审查，声明与运行另验,27544,346ac452189e43e343a7000d18053155773cc908b619bcf856d1d20c9fec376a
fonts/notosanssc-500-9bd7aabb21.woff2,排除,第三方组件/字体/素材；记录资源摘要，未逐行审查，声明与运行另验,24492,b1c91c28fb571a4a98bbf4829b967a51e7a66f1ac6165f0f8ee0e913d819f3fb
fonts/notosanssc-500-9d5fedc35f.woff2,排除,第三方组件/字体/素材；记录资源摘要，未逐行审查，声明与运行另验,32372,1d701d3bcc7a089173152cae5ffda2f1cffa8655651342f4e6a92301c48e28b4
fonts/notosanssc-500-9dcbd7b76b.woff2,排除,第三方组件/字体/素材；记录资源摘要，未逐行审查，声明与运行另验,31432,40038a3245e638b8ae68d5c22847a6be8a173436b3f744e9453d6f18b49d6f90
fonts/notosanssc-500-a226b5dc7b.woff2,排除,第三方组件/字体/素材；记录资源摘要，未逐行审查，声明与运行另验,24680,098ca83c1bd87a747efa54f754ca05fd00b8cc2dbb7bda4d3218c46c58bf5d64
fonts/notosanssc-500-a5066fd09b.woff2,排除,第三方组件/字体/素材；记录资源摘要，未逐行审查，声明与运行另验,28176,547cb10c4711a4aae90ba6010903270cdf7b828ddc9100bb8951e4d86bf3b3ad
fonts/notosanssc-500-a9afe68903.woff2,排除,第三方组件/字体/素材；记录资源摘要，未逐行审查，声明与运行另验,13324,7da09260d852c84bfe25e5be0e3a3193418d69eb55fb8763aef8553b1d9cea79
fonts/notosanssc-500-b00cf77418.woff2,排除,第三方组件/字体/素材；记录资源摘要，未逐行审查，声明与运行另验,28972,2a3d0ef3a64b5c7b1863119303c5e08f0cf91f621dbaf9779db057715628dd17
fonts/notosanssc-500-b07654b443.woff2,排除,第三方组件/字体/素材；记录资源摘要，未逐行审查，声明与运行另验,31352,28644e7ba98758db42226acf9767e2a34139abb7d25e7dde0323998760486648
fonts/notosanssc-500-b19206df90.woff2,排除,第三方组件/字体/素材；记录资源摘要，未逐行审查，声明与运行另验,25368,ca2614ab7effccd59f77221b9a8d457850b52615eabde3927ff5a0734cd9e407
fonts/notosanssc-500-b6544b026e.woff2,排除,第三方组件/字体/素材；记录资源摘要，未逐行审查，声明与运行另验,28368,e77556aa6578a159a2e4743bbaae39c1ed7476aa84ded7e9769ab446de56d4bf
fonts/notosanssc-500-ba16c70fe0.woff2,排除,第三方组件/字体/素材；记录资源摘要，未逐行审查，声明与运行另验,22108,f76e6ee5e3af4e3c79598fa7ba876a1ab925a34396d7cf2c47c4485971fe672e
fonts/notosanssc-500-bc8660aa53.woff2,排除,第三方组件/字体/素材；记录资源摘要，未逐行审查，声明与运行另验,28144,f3002a012744c9450d3c2a5ac44aa6f9f959ad7848715c31dd51b0b1105046af
fonts/notosanssc-500-bca84005db.woff2,排除,第三方组件/字体/素材；记录资源摘要，未逐行审查，声明与运行另验,26480,f9b7a326d5dfee872f797ccadb0d3487dd4c62e4ef7c271c66b70cab43d6ac1e
fonts/notosanssc-500-c0fd6c42dc.woff2,排除,第三方组件/字体/素材；记录资源摘要，未逐行审查，声明与运行另验,22228,743f14c0ea2a3316a17ba5d60b4fa7c2c056fcb09ca558a4ee6cb14780904a3f
fonts/notosanssc-500-c3bb112ce6.woff2,排除,第三方组件/字体/素材；记录资源摘要，未逐行审查，声明与运行另验,24808,c3f0217452ea5284e3edce357b516d67c67a8ff61bceeb0494dd95abd3b60e55
fonts/notosanssc-500-c4a8f361fb.woff2,排除,第三方组件/字体/素材；记录资源摘要，未逐行审查，声明与运行另验,10940,c0b2bbcded66125ca698d9b659ae57f1c5169d8083a5c8be424984dc24ce2c4c
fonts/notosanssc-500-c4d96b26c3.woff2,排除,第三方组件/字体/素材；记录资源摘要，未逐行审查，声明与运行另验,25840,1e2c7323721f5c5b46a116b9dfe770736b568fdee69858caa4c4d31e7473c88b
fonts/notosanssc-500-cd8a93876e.woff2,排除,第三方组件/字体/素材；记录资源摘要，未逐行审查，声明与运行另验,19988,f3272b6f4bc100ee787eab110a0a1c56dca4d67dbcbcd31dd536c036fd6eae0a
fonts/notosanssc-500-da5b9d68c6.woff2,排除,第三方组件/字体/素材；记录资源摘要，未逐行审查，声明与运行另验,6264,40b2c38a7bba1bb310ac86c1f47b0e3a74e06fb2cbd4697f8cc3873dc16fba52
fonts/notosanssc-500-db6eb398fa.woff2,排除,第三方组件/字体/素材；记录资源摘要，未逐行审查，声明与运行另验,23392,e0d3fcebdb8b57016bd230a1ddb6f724edb005da0e51dcff51a2931001f6c505
fonts/notosanssc-500-dd5debd365.woff2,排除,第三方组件/字体/素材；记录资源摘要，未逐行审查，声明与运行另验,41600,3b0a2c121c92c120bd9109f9ee0132630ae085dedc589209fd1319bb5c220e50
fonts/notosanssc-500-dd81bb5f91.woff2,排除,第三方组件/字体/素材；记录资源摘要，未逐行审查，声明与运行另验,25480,8e10f68ae3f5f286123ccaa0479b288a61947ab25e0be26d6fec5955a72c0854
fonts/notosanssc-500-de06ede3df.woff2,排除,第三方组件/字体/素材；记录资源摘要，未逐行审查，声明与运行另验,5336,93a9c8ec67e1b93c2e76e019ac15ac69f147807594b49866843278ebbfcef38d
fonts/notosanssc-500-de35d7c863.woff2,排除,第三方组件/字体/素材；记录资源摘要，未逐行审查，声明与运行另验,4560,bb1af3f51402d177b0ba10bbd404be96331b26cc8246fdd8854318a0c65be11c
fonts/notosanssc-500-e1dd6d181f.woff2,排除,第三方组件/字体/素材；记录资源摘要，未逐行审查，声明与运行另验,5196,c5f5e8e2e8a81dfb2b0d357a85e14a0cdedee46aa385fae7a38953814516dcd8
fonts/notosanssc-500-e2329eee3a.woff2,排除,第三方组件/字体/素材；记录资源摘要，未逐行审查，声明与运行另验,31392,99ab1fb8b231d4b785d432a9a0cba580396e084fe64f0cfa3f05b4137e0c7f9a
fonts/notosanssc-500-e269f4a915.woff2,排除,第三方组件/字体/素材；记录资源摘要，未逐行审查，声明与运行另验,33496,666813877bf3f11fae2cb076ea6ac800cf239a990d04409bdcd75c5ffb3c9dac
fonts/notosanssc-500-e422f0d6ae.woff2,排除,第三方组件/字体/素材；记录资源摘要，未逐行审查，声明与运行另验,34292,a0414817e7f9501c22b3d3e0b7666ca8e365545dbe4972a2ddac47bed73d6e1e
fonts/notosanssc-500-e589cd095d.woff2,排除,第三方组件/字体/素材；记录资源摘要，未逐行审查，声明与运行另验,23460,94131727e5f720c14dc646e0d724f228807604f41fe48f0a7a0b5886e432a4e9
fonts/notosanssc-500-e5af998d6c.woff2,排除,第三方组件/字体/素材；记录资源摘要，未逐行审查，声明与运行另验,28016,c57c7a8734f15ca6c990d5bb6a7cb88891eefca580f0b7a34cd390e1d1590178
fonts/notosanssc-500-e73f36df6c.woff2,排除,第三方组件/字体/素材；记录资源摘要，未逐行审查，声明与运行另验,28576,fc6ef6a749212b5bd78555a892afef788cba0e42d6edca42aec1e61825301940
fonts/notosanssc-500-e75ff82607.woff2,排除,第三方组件/字体/素材；记录资源摘要，未逐行审查，声明与运行另验,20988,8b1bc0376701d98110b92a5fdef4c9ce260dacc8ee19106ea41a5b8dbffa9165
fonts/notosanssc-500-e9cab5fecc.woff2,排除,第三方组件/字体/素材；记录资源摘要，未逐行审查，声明与运行另验,33592,aa09872ee28f55a4f982e649a447506bfa82aed9ade247c57514defc92145273
fonts/notosanssc-500-ecc1e04f12.woff2,排除,第三方组件/字体/素材；记录资源摘要，未逐行审查，声明与运行另验,33212,66c2166496032e32acd72203a59bf3ab0859f287c1d9f051d360cbf482c45f16
fonts/notosanssc-500-ef49d3308b.woff2,排除,第三方组件/字体/素材；记录资源摘要，未逐行审查，声明与运行另验,29500,b62dfc0059bc1ed2543dda996e73cb17339c4bdf5fa89ef3f661ea2c5c7fb626
fonts/notosanssc-500-efa25afa66.woff2,排除,第三方组件/字体/素材；记录资源摘要，未逐行审查，声明与运行另验,5256,3405d108064848ccab011ab3ef1b3bd28dc00ff28448825519b0b0b704c9bfb9
fonts/notosanssc-500-f038d81bd2.woff2,排除,第三方组件/字体/素材；记录资源摘要，未逐行审查，声明与运行另验,34660,edafc5df33005df416620c88254b1cf3c0987227e993154bad345462e0bc6cc4
fonts/notosanssc-500-f1be95adc2.woff2,排除,第三方组件/字体/素材；记录资源摘要，未逐行审查，声明与运行另验,14704,cfc9c2ab4f33fc7cd06bf836a41349b93d7123a7254e27dbe926b1d9ca16271e
fonts/notosanssc-500-f1e6e171e0.woff2,排除,第三方组件/字体/素材；记录资源摘要，未逐行审查，声明与运行另验,33744,a3b97793095287b3b8c3bccccef9518cd0937c839086b0ff1d1aa170e95a9141
fonts/notosanssc-500-f39f22a03e.woff2,排除,第三方组件/字体/素材；记录资源摘要，未逐行审查，声明与运行另验,25440,11598e60522bc8d910a52f5dab462531a832d0c01ed9c59084a5f5c7c7cf406b
fonts/notosanssc-500-f49c980c98.woff2,排除,第三方组件/字体/素材；记录资源摘要，未逐行审查，声明与运行另验,2364,335666295ffc002e56331a25406fd29077d06c50147929f8dcb7b089d839a7de
fonts/notosanssc-500-f557e0c466.woff2,排除,第三方组件/字体/素材；记录资源摘要，未逐行审查，声明与运行另验,22964,dc19259eb4f19b63f97a02994fed53f05a8fefa4f24ab9529a81fd6ecbb88e0b
fonts/notosanssc-500-f70cb98486.woff2,排除,第三方组件/字体/素材；记录资源摘要，未逐行审查，声明与运行另验,27220,a615dec7b1950b0512704c5d25206b4ef3a55ad40f2970b5c516704e55e47a50
fonts/notosanssc-500-fd638b74c6.woff2,排除,第三方组件/字体/素材；记录资源摘要，未逐行审查，声明与运行另验,25316,8e84db563855c677b25bef438a3041f138544c4db9c820fec31a6db5b65ea37e
fonts/notosanssc-500-fe2b24a1ba.woff2,排除,第三方组件/字体/素材；记录资源摘要，未逐行审查，声明与运行另验,17612,eaa80596f9f04e930cb595de0c5319d6723a3f35ad054dd0b88da71f2d9d77d8
fonts/notosanssc-500-ff9ee3b96e.woff2,排除,第三方组件/字体/素材；记录资源摘要，未逐行审查，声明与运行另验,22896,76220b0a667254408a2b66961c5e3ae556f1cb213c0d4e69e246aedee6a02142
fonts/notosanssc-700-00cdfec6b8.woff2,排除,第三方组件/字体/素材；记录资源摘要，未逐行审查，声明与运行另验,27240,39c931add0e2c2fab52564e3f4d58705875a91e96ef9a87f35d7f179b9db16c5
fonts/notosanssc-700-0928eb56dc.woff2,排除,第三方组件/字体/素材；记录资源摘要，未逐行审查，声明与运行另验,26300,71ffae389440b1a05d8c5716646824623d55cf0ac1123f8ecc462467abbd9553
fonts/notosanssc-700-09f5b78627.woff2,排除,第三方组件/字体/素材；记录资源摘要，未逐行审查，声明与运行另验,28568,251a23e6ab2a0f768bf5f9603dc6c2d67acea34ef39e49dd8f23c025962b9ea5
fonts/notosanssc-700-0de4cdcea7.woff2,排除,第三方组件/字体/素材；记录资源摘要，未逐行审查，声明与运行另验,31748,311ce6bd928300deb247bca517ecc42f3ba573fea1ba5b8524eccdc876e2384e
fonts/notosanssc-700-0ecc882c16.woff2,排除,第三方组件/字体/素材；记录资源摘要，未逐行审查，声明与运行另验,5244,473c63c9704b2306fe197f5eb454027a8a66099f02466e492de5e1be5b8192fc
fonts/notosanssc-700-1227dbf064.woff2,排除,第三方组件/字体/素材；记录资源摘要，未逐行审查，声明与运行另验,34752,090aa1a1ed9f9196ccf3ce25cc9086a20e0506645669e35058cfa88939248497
fonts/notosanssc-700-18998b33dd.woff2,排除,第三方组件/字体/素材；记录资源摘要，未逐行审查，声明与运行另验,33436,82bbe8ac49d46af4c11e13dc17f744e570f59a2d14bf0b08bf87a54461451684
fonts/notosanssc-700-1c0d36e299.woff2,排除,第三方组件/字体/素材；记录资源摘要，未逐行审查，声明与运行另验,33864,785c0d52cf2dd87bd81b557f724bcb732250b18f08e9045f041e48257d04ea16
fonts/notosanssc-700-1cabbd76a4.woff2,排除,第三方组件/字体/素材；记录资源摘要，未逐行审查，声明与运行另验,25588,876b686744da080ba5d9aea87c843db3787ee15b4ebb5e6bd8d125d03021d6fe
fonts/notosanssc-700-1e43a3c31e.woff2,排除,第三方组件/字体/素材；记录资源摘要，未逐行审查，声明与运行另验,26308,1c91f7b7698a478156ce4342fc387e48479f5b039ef08a1c28853d053db00cfc
fonts/notosanssc-700-1e5d75c00d.woff2,排除,第三方组件/字体/素材；记录资源摘要，未逐行审查，声明与运行另验,28264,fe246cb609b2d36d8bae72da20180de2ce584e77f3bb99fab21c1e3fef3ab478
fonts/notosanssc-700-23f14a0ad1.woff2,排除,第三方组件/字体/素材；记录资源摘要，未逐行审查，声明与运行另验,28760,83e3e70db005bfb9d7f95711fb3cd72dfc9f725d1674d643b7a50b6bc2e0f468
fonts/notosanssc-700-24bf2cb5a8.woff2,排除,第三方组件/字体/素材；记录资源摘要，未逐行审查，声明与运行另验,29684,066b2c7a59e9123af7a7e859c9ad8182cb0cb87174aea485e7e6f031cca05f81
fonts/notosanssc-700-2504de46db.woff2,排除,第三方组件/字体/素材；记录资源摘要，未逐行审查，声明与运行另验,29300,9135ad2746a5ec777cf31343a8ed86b7d0aaeec4fcbffd7c73934f5e8f7a3c1e
fonts/notosanssc-700-25c7a13937.woff2,排除,第三方组件/字体/素材；记录资源摘要，未逐行审查，声明与运行另验,19840,2b6b7c6661b85ddc7f066ba8b5783605ac4f7a9284f78dcec872520eb82c498a
fonts/notosanssc-700-270b385665.woff2,排除,第三方组件/字体/素材；记录资源摘要，未逐行审查，声明与运行另验,31040,0f091ded9f748c6f1f9a8e4c07f62e3588bd1c45201c05c4f42efb9f9f229bbb
fonts/notosanssc-700-2da9a0a13d.woff2,排除,第三方组件/字体/素材；记录资源摘要，未逐行审查，声明与运行另验,31664,e13eeff2ec0fbe5097ab6dbcfa59de3e9c4be535b8f8a64f2b89fc51ef74af22
fonts/notosanssc-700-3043ecb404.woff2,排除,第三方组件/字体/素材；记录资源摘要，未逐行审查，声明与运行另验,27732,04d54c24f7a50ee4604e3aa1554877ea85f4cd34f54e087bb76401e2bc87e2c3
fonts/notosanssc-700-305ecfceab.woff2,排除,第三方组件/字体/素材；记录资源摘要，未逐行审查，声明与运行另验,6308,1b2cb2c7cc37364b229780a2ce3f666ca0a2a74373e63a57793666c146923ea4
fonts/notosanssc-700-306e62b53e.woff2,排除,第三方组件/字体/素材；记录资源摘要，未逐行审查，声明与运行另验,33764,dff94aa200dfae04435702ce2f2dcd3ff79f707d3bc43ff870e2f692d8ed82fd
fonts/notosanssc-700-31eb55d536.woff2,排除,第三方组件/字体/素材；记录资源摘要，未逐行审查，声明与运行另验,26056,98437be531a20fe6fef101226c56ca460966b90669477006a08dbe411ab7d257
fonts/notosanssc-700-33c9de834d.woff2,排除,第三方组件/字体/素材；记录资源摘要，未逐行审查，声明与运行另验,5328,6c4e5a5531defe9a894d6fb0f5e78374f6664ebf0824be023ef09b618dcad4eb
fonts/notosanssc-700-3580e9f980.woff2,排除,第三方组件/字体/素材；记录资源摘要，未逐行审查，声明与运行另验,31216,2c458dcf125999a186c1c1cb56b0124202c122a541fee8ce1ec161fa36a61f47
fonts/notosanssc-700-36f7eed1c4.woff2,排除,第三方组件/字体/素材；记录资源摘要，未逐行审查，声明与运行另验,1416,0f78ba01aad17aefdef91b8cedd3db9c8a57d4dd0e33ea1747c6fe880a357a0f
fonts/notosanssc-700-3960a54659.woff2,排除,第三方组件/字体/素材；记录资源摘要，未逐行审查，声明与运行另验,32444,8e755f45c1827765bb75117249234b4292dd2de1002ba49824414ebf7f610aed
fonts/notosanssc-700-3b7b62c103.woff2,排除,第三方组件/字体/素材；记录资源摘要，未逐行审查，声明与运行另验,24768,cf7a04759a4deb065631a5668cfd50c2e17b7bf8ee3ea69d0d76c7bae0c1d490
fonts/notosanssc-700-3ed6435a8b.woff2,排除,第三方组件/字体/素材；记录资源摘要，未逐行审查，声明与运行另验,24316,6983bb720e26715e52f836b4bc9a1d135f2fb653831578e645c8042e17ddd95a
fonts/notosanssc-700-3fb2e2c835.woff2,排除,第三方组件/字体/素材；记录资源摘要，未逐行审查，声明与运行另验,18448,7904604854e35d642d444147f2c118712863c558d004cbaac66af6f26594fa60
fonts/notosanssc-700-42f1ba2313.woff2,排除,第三方组件/字体/素材；记录资源摘要，未逐行审查，声明与运行另验,6248,1beabf14978bee391fc7044e8dc02d18e17f352b79803bdff0f43ef9fa270782
fonts/notosanssc-700-4302d542cb.woff2,排除,第三方组件/字体/素材；记录资源摘要，未逐行审查，声明与运行另验,5252,fb24e4e583d5ce9e3e958ec0857f4e21ae4fa5927137c66ce6378dac5406f040
fonts/notosanssc-700-44800969ff.woff2,排除,第三方组件/字体/素材；记录资源摘要，未逐行审查，声明与运行另验,33772,74654cb42a39d2c1b99a018651aabefc2f92e3c4e1db7a47d7545b07b2747a31
fonts/notosanssc-700-45b665fbb6.woff2,排除,第三方组件/字体/素材；记录资源摘要，未逐行审查，声明与运行另验,22996,a820e6c6baed80f5f0e7452ef4f7c6fff6536e12ebb7afa13adab814198eb59d
fonts/notosanssc-700-489733de9b.woff2,排除,第三方组件/字体/素材；记录资源摘要，未逐行审查，声明与运行另验,33172,acd9e8e058ba12a7597b2b9c363606b897b366aa7e4fb3ccdf7b457547948721
fonts/notosanssc-700-4a1354acb6.woff2,排除,第三方组件/字体/素材；记录资源摘要，未逐行审查，声明与运行另验,14788,407e32dd5813d07c1190da31fb9cd173178f2a7b5a8ac122921c0cfb994744df
fonts/notosanssc-700-5218be54d0.woff2,排除,第三方组件/字体/素材；记录资源摘要，未逐行审查，声明与运行另验,28392,accb6dff4a754bfae7d5b04d23e452275f1edb3052f5ee0d69e80908c4555391
fonts/notosanssc-700-5477e76a17.woff2,排除,第三方组件/字体/素材；记录资源摘要，未逐行审查，声明与运行另验,34976,4f4c436f60af357a93c2e9b7ffc629b0e84e012c60e2d7b0bf43c4c6b6499447
fonts/notosanssc-700-5c3e5115c1.woff2,排除,第三方组件/字体/素材；记录资源摘要，未逐行审查，声明与运行另验,22864,96870c64b531d4dd83e6d1802c477572090f5896d898c663ec58799b75f5bb0d
fonts/notosanssc-700-5c5472a8b9.woff2,排除,第三方组件/字体/素材；记录资源摘要，未逐行审查，声明与运行另验,17740,573f80ac9ba1900a0d53ead4987ccbb98e0794442ca567f7aebbd1196c128c96
fonts/notosanssc-700-5e1efc0efb.woff2,排除,第三方组件/字体/素材；记录资源摘要，未逐行审查，声明与运行另验,4468,c97ec9b95b51c36a26302e4623c671bcee1f88ea23ea4302c107e83325997863
fonts/notosanssc-700-609466199b.woff2,排除,第三方组件/字体/素材；记录资源摘要，未逐行审查，声明与运行另验,31220,6ccf5af70bde234f32c50216ec9d687860f962d192dea0585ff9383e4afd627e
fonts/notosanssc-700-612d503647.woff2,排除,第三方组件/字体/素材；记录资源摘要，未逐行审查，声明与运行另验,31340,da379f176fa9ff577e2ef204462a74ece01b0a42ddeb0f1ea401ed51299252d2
fonts/notosanssc-700-61636f9594.woff2,排除,第三方组件/字体/素材；记录资源摘要，未逐行审查，声明与运行另验,25904,ac299864d3f1895e010030e89f6998c157fb1fb1043ab0632e7790263d2fd6f5
fonts/notosanssc-700-641e1d5c94.woff2,排除,第三方组件/字体/素材；记录资源摘要，未逐行审查，声明与运行另验,6580,ac2eb6be3ce5806f006acfd6b800fca7d5d0afe3e085221fd7964ea648c9053b
fonts/notosanssc-700-65a2283e46.woff2,排除,第三方组件/字体/素材；记录资源摘要，未逐行审查，声明与运行另验,28236,d352a8cb6e8de71fb1878b00cd6e5e1fea58b14ed2ada33a076f15a787f4a130
fonts/notosanssc-700-6639b29057.woff2,排除,第三方组件/字体/素材；记录资源摘要，未逐行审查，声明与运行另验,24792,744bbff5cbcbfdb9a4e4da5687bbbd9bb7fb6049bf3c33695919ea6f07bcb924
fonts/notosanssc-700-6a56d9049e.woff2,排除,第三方组件/字体/素材；记录资源摘要，未逐行审查，声明与运行另验,32964,dcc191777656d5d938248a22622920e9cbd0e418a621d6a0f618aec192e6b974
fonts/notosanssc-700-6da28e50f8.woff2,排除,第三方组件/字体/素材；记录资源摘要，未逐行审查，声明与运行另验,25716,eecd1d0ef4e5869d98805c8c88ba75d476fc3231e4536d36f0e7918edb304afa
fonts/notosanssc-700-70fd4bc1be.woff2,排除,第三方组件/字体/素材；记录资源摘要，未逐行审查，声明与运行另验,30444,9fcdaffbf42a559dcec0a26df2a15d152c5986cfa18aa588df908118e9b57657
fonts/notosanssc-700-71f355f027.woff2,排除,第三方组件/字体/素材；记录资源摘要，未逐行审查，声明与运行另验,21208,ae585d06ff96ee8b814c33003c409f11712188c8a6716c3bf6a412b3b42a5811
fonts/notosanssc-700-7a34e0cbf9.woff2,排除,第三方组件/字体/素材；记录资源摘要，未逐行审查，声明与运行另验,13416,79a7c3f1ddff7c79ba3eff8556ee7acc7f3c95259f3982b34a711b6de5fbd6a7
fonts/notosanssc-700-7af142bef8.woff2,排除,第三方组件/字体/素材；记录资源摘要，未逐行审查，声明与运行另验,4772,e7b101cd68fee87c9b337d5c1156f279b7efc16e65d265f0da2cc32bf75d5e41
fonts/notosanssc-700-7af8177717.woff2,排除,第三方组件/字体/素材；记录资源摘要，未逐行审查，声明与运行另验,35368,760aaaef53a385b200792fb13027513e0e390ad5c014ae8f0fdecadca9866dc0
fonts/notosanssc-700-7f51f59ce8.woff2,排除,第三方组件/字体/素材；记录资源摘要，未逐行审查，声明与运行另验,29748,c70de57db5a2f4a6dc41ae76011bef443a4d3d2d950f7284d592650ff78e7364
fonts/notosanssc-700-81aa047920.woff2,排除,第三方组件/字体/素材；记录资源摘要，未逐行审查，声明与运行另验,28384,ad542c31ec87058033e4aa48cadc62cab74afb2f403058f05c4440afc87944bc
fonts/notosanssc-700-82a977b7a2.woff2,排除,第三方组件/字体/素材；记录资源摘要，未逐行审查，声明与运行另验,27240,38408dcfdd3ad07d2b219664ecfd67d6931678ace0f6e5986a521d580598d11b
fonts/notosanssc-700-8bee328d41.woff2,排除,第三方组件/字体/素材；记录资源摘要，未逐行审查，声明与运行另验,28772,ae5eae50ca9049fcc17126a78968e42366b020b9cfe7380509fb7caceee7458d
fonts/notosanssc-700-8c1495a3f9.woff2,排除,第三方组件/字体/素材；记录资源摘要，未逐行审查，声明与运行另验,25496,605839dd19c5f220befa573eb0915c83e7e9a60a1e75dfa258d3500fe52f1bf3
fonts/notosanssc-700-8c59994dd1.woff2,排除,第三方组件/字体/素材；记录资源摘要，未逐行审查，声明与运行另验,24916,0ceef5328c06b3e8abfd9803935a93e074c9308cb509d37d50a855131c37b9ee
fonts/notosanssc-700-8c77b3f481.woff2,排除,第三方组件/字体/素材；记录资源摘要，未逐行审查，声明与运行另验,6208,bd082d1acbda908a92297ade25e562352bc1fc58708139dcfdf02d7d1580658e
fonts/notosanssc-700-8ea2b543b5.woff2,排除,第三方组件/字体/素材；记录资源摘要，未逐行审查，声明与运行另验,28564,53693ca200ea4f78a272fa006d044aaa6e401fd2b78353b68fe9909d743d3a30
fonts/notosanssc-700-91801fff7c.woff2,排除,第三方组件/字体/素材；记录资源摘要，未逐行审查，声明与运行另验,22680,68a93ffaae553f933d813ac138c908db4dcebd5958f1230a203554ed2e390bb3
fonts/notosanssc-700-9376f8f58a.woff2,排除,第三方组件/字体/素材；记录资源摘要，未逐行审查，声明与运行另验,33340,2cf32776067740f10aabdb307521c622869c98e4c5ff8bbff8e81ece409dff28
fonts/notosanssc-700-94b0941ddb.woff2,排除,第三方组件/字体/素材；记录资源摘要，未逐行审查，声明与运行另验,22132,a9df11cbf28303d0ae488ef2047b154f17d16eabeaa7aad45fc27c75ac287b64
fonts/notosanssc-700-96d1c06ff7.woff2,排除,第三方组件/字体/素材；记录资源摘要，未逐行审查，声明与运行另验,26092,462ad3c75e2645e916e6a8682125d1306dc2e3e613f8a06a92fb3ccabb96e9bc
fonts/notosanssc-700-9df37564d4.woff2,排除,第三方组件/字体/素材；记录资源摘要，未逐行审查，声明与运行另验,26340,56b271f698eb9f535442e134087af9a7cab0aa4b7fc8de4e07554656200b8b2c
fonts/notosanssc-700-9f453fc3f7.woff2,排除,第三方组件/字体/素材；记录资源摘要，未逐行审查，声明与运行另验,23484,a3369e5c6b746a2db117176a6a342d2a498c6f492d09c4f944e31a45e90e04cb
fonts/notosanssc-700-a275bea32c.woff2,排除,第三方组件/字体/素材；记录资源摘要，未逐行审查，声明与运行另验,25472,b6ab65b783e79351bc3cac5525e9505092722bcef670192dacfa27864673a08d
fonts/notosanssc-700-a27bf8d68c.woff2,排除,第三方组件/字体/素材；记录资源摘要，未逐行审查，声明与运行另验,31936,986033121e1498e91a35f4c68446b1d77e4ff9cf1fdd4cb336ad9756ebdeac38
fonts/notosanssc-700-a64412048d.woff2,排除,第三方组件/字体/素材；记录资源摘要，未逐行审查，声明与运行另验,29284,1c53cff5ccd989e65aa72634bce822f3f3cc8be3e2dfb73a5895e6901243556e
fonts/notosanssc-700-a7a1bbf4a2.woff2,排除,第三方组件/字体/素材；记录资源摘要，未逐行审查，声明与运行另验,22340,4556d4dcf4d6c39dd9be28807cd61a1a6be229777a6ab524ddbe358c235823f3
fonts/notosanssc-700-acd0b0a84a.woff2,排除,第三方组件/字体/素材；记录资源摘要，未逐行审查，声明与运行另验,25156,24294752dd45388a9dd349ab06e9fb1c4215f32e61e7c6cc0de886bee04ff0bf
fonts/notosanssc-700-b09c1baf04.woff2,排除,第三方组件/字体/素材；记录资源摘要，未逐行审查，声明与运行另验,25876,7c2ce2fcaf3489add3fc805f1b0c839119a2bf8fb47f96e203753c3e53322e5e
fonts/notosanssc-700-b0be58b836.woff2,排除,第三方组件/字体/素材；记录资源摘要，未逐行审查，声明与运行另验,28412,1a993d1d44d97577d83929c1067fda6314e7d003f7e8bbd11a96f669100d7e14
fonts/notosanssc-700-b2b5d4df08.woff2,排除,第三方组件/字体/素材；记录资源摘要，未逐行审查，声明与运行另验,32732,6d698f7e1285436c75eabdaaf4c8666bb30ff18d1cd2f1330a1a63abe1de472e
fonts/notosanssc-700-b41cd3cfe2.woff2,排除,第三方组件/字体/素材；记录资源摘要，未逐行审查，声明与运行另验,30484,2e498e21096855eb6e2f85eae95d8b051d9e143bf4e88baebaf5791d905e95a1
fonts/notosanssc-700-b699723909.woff2,排除,第三方组件/字体/素材；记录资源摘要，未逐行审查，声明与运行另验,25976,108869399f3d2b56b4558a746bde77a9b3690cb1e2625a5fedc173cf0ad39627
fonts/notosanssc-700-b9f4705b7e.woff2,排除,第三方组件/字体/素材；记录资源摘要，未逐行审查，声明与运行另验,38412,6aa29a76e60daa63be1c8fff02bb6116917e87d3dd5a79e90b6bbc07419681e9
fonts/notosanssc-700-be3c406705.woff2,排除,第三方组件/字体/素材；记录资源摘要，未逐行审查，声明与运行另验,2316,804f19d9af159b8dbc9257e8fca289038f5cc8bb590e829169952349363f3cf5
fonts/notosanssc-700-be5342e200.woff2,排除,第三方组件/字体/素材；记录资源摘要，未逐行审查，声明与运行另验,31600,d05c452943f9bef9dcab321cc2927bd27e30a9fcb1dfc01b8ca7fc50fe6da532
fonts/notosanssc-700-bfaee08f08.woff2,排除,第三方组件/字体/素材；记录资源摘要，未逐行审查，声明与运行另验,27984,f188354a4ccaff4557cc339685df69fa3e4edec42dbc39b3d0e4f0e5ea0f15c2
fonts/notosanssc-700-c1648b8260.woff2,排除,第三方组件/字体/素材；记录资源摘要，未逐行审查，声明与运行另验,34132,0a7a6624672a06122fb138950169e203a443236981da8de8c916d96678df094e
fonts/notosanssc-700-c353fc33af.woff2,排除,第三方组件/字体/素材；记录资源摘要，未逐行审查，声明与运行另验,17568,c44af33eaa335b95c3c8beb250c40f9c268d85be6ce0a72d2f4918b4fb14b403
fonts/notosanssc-700-c38940a987.woff2,排除,第三方组件/字体/素材；记录资源摘要，未逐行审查，声明与运行另验,25200,cd983172db9c369d67474085ea54cc0437d6c061ac6dd613997094e11e06932b
fonts/notosanssc-700-c502e4ea22.woff2,排除,第三方组件/字体/素材；记录资源摘要，未逐行审查，声明与运行另验,42840,805c2b453c8ccf9a67dc6e02bc452a4936c22f1cbc8571965f3b932553840338
fonts/notosanssc-700-ca9bdcfbeb.woff2,排除,第三方组件/字体/素材；记录资源摘要，未逐行审查，声明与运行另验,29180,d37bfa964e2c214bc292f7307a91eb3ebdc96122fb834756a8e93c6ffb3def63
fonts/notosanssc-700-cf192008ba.woff2,排除,第三方组件/字体/素材；记录资源摘要，未逐行审查，声明与运行另验,22912,62b7b95382279f5ead7fcb77fb86f854f2988a0fe0eb00351b6c26db6496d6f9
fonts/notosanssc-700-d3d92c3c58.woff2,排除,第三方组件/字体/素材；记录资源摘要，未逐行审查，声明与运行另验,30840,bc60538848057d8bdccbf0e57760c7372e3ba75a8d2d229b60e97b38ccd3ef38
fonts/notosanssc-700-d4d6784ef6.woff2,排除,第三方组件/字体/素材；记录资源摘要，未逐行审查，声明与运行另验,20108,eea1d4ed0b06338ea5ef69de2123ccc31e96a85bdc0f215383c3d0c2c71f817b
fonts/notosanssc-700-d746368628.woff2,排除,第三方组件/字体/素材；记录资源摘要，未逐行审查，声明与运行另验,22652,fa2274738ac23670f603dbd74ea636b1e0a4156d824fde185ee9b2ab4c75daf4
fonts/notosanssc-700-dd7cada94d.woff2,排除,第三方组件/字体/素材；记录资源摘要，未逐行审查，声明与运行另验,23720,64abd5a1e34f5f14f51618c0930280ff49e61ac39c93ad8376ca4723989a84dc
fonts/notosanssc-700-e0420c20ed.woff2,排除,第三方组件/字体/素材；记录资源摘要，未逐行审查，声明与运行另验,34436,44a03b97f31ffd772ac2a391348248986f32128f3b77127a7389f04cc2a66f9e
fonts/notosanssc-700-e0a94f7b39.woff2,排除,第三方组件/字体/素材；记录资源摘要，未逐行审查，声明与运行另验,5312,456e2cfbaeba8463cbc905f1f45cb42516cf0a14bda32534ced5d007caa672ab
fonts/notosanssc-700-e38d0b937d.woff2,排除,第三方组件/字体/素材；记录资源摘要，未逐行审查，声明与运行另验,23152,415b9eb2e03bbd7f174a86de06aaaf4ac800c68b72348e5534874bc5e905d36f
fonts/notosanssc-700-e40683682d.woff2,排除,第三方组件/字体/素材；记录资源摘要，未逐行审查，声明与运行另验,11408,0aa1f26f65e520730ae993a43c50c267768eb02dc1c354ab2609f623ba0990ae
fonts/notosanssc-700-e52290ad52.woff2,排除,第三方组件/字体/素材；记录资源摘要，未逐行审查，声明与运行另验,26656,ca74ad4edbd0bc57580af5537c525cb86e481a281c2f8a8537329e1f0bf78172
fonts/notosanssc-700-e61e7d8e49.woff2,排除,第三方组件/字体/素材；记录资源摘要，未逐行审查，声明与运行另验,27080,f9f3470a9a2005c3716ee628caa8de2c14c3b2e0530b4f7682bc591561699cfa
fonts/notosanssc-700-e897a6d4c1.woff2,排除,第三方组件/字体/素材；记录资源摘要，未逐行审查，声明与运行另验,2092,df9b5779426178b118f98837b1e00c30232f555db810ea0df71689febfd7bfd1
fonts/notosanssc-700-f3a2b5759c.woff2,排除,第三方组件/字体/素材；记录资源摘要，未逐行审查，声明与运行另验,30384,b535239a86be11caf8986df77f9658f030b659a917c9a8dc28ec0045620e442a
fonts/notosanssc-700-f3ac07f1e5.woff2,排除,第三方组件/字体/素材；记录资源摘要，未逐行审查，声明与运行另验,30332,f8ac72e6c8f71422653b61e7eaa954ca34c104d1beaec5af0532e8cfe9b17b27
fonts/notosanssc-700-f9c221866f.woff2,排除,第三方组件/字体/素材；记录资源摘要，未逐行审查，声明与运行另验,4772,12454fed0422c9ae2da47a5b5224575b4141c7b7fcc02c60399a63ed6f3b1de8
fonts/notosanssc-700-ff75a9ba4f.woff2,排除,第三方组件/字体/素材；记录资源摘要，未逐行审查，声明与运行另验,25016,41ac3ace8865ebe51c59063630e96456a5e3b64cb3a13b2086b1ae5197ded22f
fonts/notoserifsc-400-02667071a2.woff2,排除,第三方组件/字体/素材；记录资源摘要，未逐行审查，声明与运行另验,23408,032133d339d581d98340adf3ee80873501ce838abfc0ad9b8d2e87d90cf2f273
fonts/notoserifsc-400-0285ae4903.woff2,排除,第三方组件/字体/素材；记录资源摘要，未逐行审查，声明与运行另验,30640,4c4cd6ef1dbb4d83c22b0b63664c73f1420c3457c625a5757fc3e591b127bac4
fonts/notoserifsc-400-062726d402.woff2,排除,第三方组件/字体/素材；记录资源摘要，未逐行审查，声明与运行另验,42608,b7c1d975242591387cebb09a4b96f799270d14430122ae849378b939a465d67c
fonts/notoserifsc-400-0b52725839.woff2,排除,第三方组件/字体/素材；记录资源摘要，未逐行审查，声明与运行另验,42780,b05da70aec9bf352fb77b3a07e5477c95587eb836a720943460a49d8fffc84d2
fonts/notoserifsc-400-0cc2bec341.woff2,排除,第三方组件/字体/素材；记录资源摘要，未逐行审查，声明与运行另验,40412,d64a121cdd32be0a6e82bec5a9c918893ea9537f07a8bb2f10e6a6654bb2f598
fonts/notoserifsc-400-0cf00d3b3a.woff2,排除,第三方组件/字体/素材；记录资源摘要，未逐行审查，声明与运行另验,37516,ee1c7471882eaf5709ad479d849bcc70eef214803732bdfb8dd56fd502e132dd
fonts/notoserifsc-400-0f0197dbf7.woff2,排除,第三方组件/字体/素材；记录资源摘要，未逐行审查，声明与运行另验,35708,53b49f61dc76d9ec3e302fc4d2e64f1cdf81ec61902f7216e58d68f348972973
fonts/notoserifsc-400-0f3f328297.woff2,排除,第三方组件/字体/素材；记录资源摘要，未逐行审查，声明与运行另验,28512,d02835c0c38db449e5bdc5d02e3cdee9a98c5a83668db45ea4c3ceedeb26ad98
fonts/notoserifsc-400-161e701495.woff2,排除,第三方组件/字体/素材；记录资源摘要，未逐行审查，声明与运行另验,43748,74edac9ceae09ba64ec6c5029a45a768dcfa40a4b6cce51c8b0418150b18c384
fonts/notoserifsc-400-19afa9161e.woff2,排除,第三方组件/字体/素材；记录资源摘要，未逐行审查，声明与运行另验,53688,7d438466bfc51d35d4a7a0076c428dee5fc5de927f3534456994d46848306077
fonts/notoserifsc-400-19e12a4127.woff2,排除,第三方组件/字体/素材；记录资源摘要，未逐行审查，声明与运行另验,38108,2b99bfe3ebbbee489e29e6e7261bd43911b4fef73f567c40fb046726d6e1fba5
fonts/notoserifsc-400-1a8c7c32dc.woff2,排除,第三方组件/字体/素材；记录资源摘要，未逐行审查，声明与运行另验,30040,dadb6d424a9bd9264082a0fcb522cd1b92b74126f6508d125a549c6a52a2f306
fonts/notoserifsc-400-1cba4f7d78.woff2,排除,第三方组件/字体/素材；记录资源摘要，未逐行审查，声明与运行另验,41148,fb801f29c9aaacdf009804efe33ce3124f68e7fe4317452c66fa09f0ccd917df
fonts/notoserifsc-400-1dc981c2d5.woff2,排除,第三方组件/字体/素材；记录资源摘要，未逐行审查，声明与运行另验,41948,1d36caa852ee220398f9a65ad101a67b24fcc7a113146a0d1db6aa0b1d5d7313
fonts/notoserifsc-400-214643b0ec.woff2,排除,第三方组件/字体/素材；记录资源摘要，未逐行审查，声明与运行另验,6920,648e7d3f5a03ba9f9b49804e474220dd155d31e1b2b5b3ee7bd4772717cf3bcf
fonts/notoserifsc-400-226c0e9dd4.woff2,排除,第三方组件/字体/素材；记录资源摘要，未逐行审查，声明与运行另验,44436,155371bb76e3093a5872ac26fa1b094490d6e707609c703880c9ce5e85372858
fonts/notoserifsc-400-2a34c37201.woff2,排除,第三方组件/字体/素材；记录资源摘要，未逐行审查，声明与运行另验,32452,9335e5aa92ad3ef8b200e7816cc4a09848be9ead6178319db16c22cd3d63da02
fonts/notoserifsc-400-2f61056e41.woff2,排除,第三方组件/字体/素材；记录资源摘要，未逐行审查，声明与运行另验,31860,c4d16a9a50ff199e3fb1f724e4de1554d988125d5b9f82e2141cd96d8a099009
fonts/notoserifsc-400-35fc86180b.woff2,排除,第三方组件/字体/素材；记录资源摘要，未逐行审查，声明与运行另验,43140,d422930c709712dd04b9b96bd17c256d38cc87baf2834cf11e73805d396517d4
fonts/notoserifsc-400-36dd9204b9.woff2,排除,第三方组件/字体/素材；记录资源摘要，未逐行审查，声明与运行另验,8040,22c78938835f757b4b1d2a99cde0fc731c206d5681eb98dd5199bfd600cd9fff
fonts/notoserifsc-400-3a1ea4028e.woff2,排除,第三方组件/字体/素材；记录资源摘要，未逐行审查，声明与运行另验,6992,5bd78eaa1e1a17f42075daf692695bb13f9f246b56283ac1933d79d1f4a5b80f
fonts/notoserifsc-400-3dfa5a88cc.woff2,排除,第三方组件/字体/素材；记录资源摘要，未逐行审查，声明与运行另验,27820,c257f9abfc8b90cae12396c85fdb0bd69f3feb09ab1935faab7bbc67e4b89512
fonts/notoserifsc-400-3ef9ab706c.woff2,排除,第三方组件/字体/素材；记录资源摘要，未逐行审查，声明与运行另验,35772,8fbd3b1114a2d94c6166d85dc093f43487def661be2fdc369c4207d1ad681344
fonts/notoserifsc-400-404b6f573f.woff2,排除,第三方组件/字体/素材；记录资源摘要，未逐行审查，声明与运行另验,30896,4e65935907a097807dcbc71ab80d0ac87ece0c60e09437c85e79546cc0e3c966
fonts/notoserifsc-400-48034157f1.woff2,排除,第三方组件/字体/素材；记录资源摘要，未逐行审查，声明与运行另验,18540,af0c95a3e897cfab6a319a789f203dc64b8f81574f8113c7d46240db68c8ff8f
fonts/notoserifsc-400-49b91307ad.woff2,排除,第三方组件/字体/素材；记录资源摘要，未逐行审查，声明与运行另验,32148,bc969adb767ff5c0da99b82efc653ea11200cfec96a7acd21202ad780c24ffdb
fonts/notoserifsc-400-4a768fb883.woff2,排除,第三方组件/字体/素材；记录资源摘要，未逐行审查，声明与运行另验,31920,72b8d3706a36345da7281d52b8e1402646541a2a873059443a825e6ac21fe0c9
fonts/notoserifsc-400-4cde2bdac6.woff2,排除,第三方组件/字体/素材；记录资源摘要，未逐行审查，声明与运行另验,33116,cb42250607c16ac6644ad2bfcb783c3355ede2fd3834cc2d5cd9c2e343d2ce6d
fonts/notoserifsc-400-52763de4ad.woff2,排除,第三方组件/字体/素材；记录资源摘要，未逐行审查，声明与运行另验,27224,9d298d19de6fa484d53e9fc566a784320d3a34b9dac7f96e60a8e7afd97f28dc
fonts/notoserifsc-400-5445cf7637.woff2,排除,第三方组件/字体/素材；记录资源摘要，未逐行审查，声明与运行另验,41088,20b2e93a5303c61e6b0e44dfa042f994d82c3ad07f516cf597ed9dcd7beec66e
fonts/notoserifsc-400-550fd654f2.woff2,排除,第三方组件/字体/素材；记录资源摘要，未逐行审查，声明与运行另验,33856,a888b15fb48d49247cfbaee526993f75b6c118573b4a1664560f34998940274c
fonts/notoserifsc-400-55c7c5fa97.woff2,排除,第三方组件/字体/素材；记录资源摘要，未逐行审查，声明与运行另验,22548,1402df11d4b72efc3d38950afb081a291f789972c6b50a61ac5e58f880b71a44
fonts/notoserifsc-400-59f66982f0.woff2,排除,第三方组件/字体/素材；记录资源摘要，未逐行审查，声明与运行另验,30712,cd9fa7f2609359dd37475cf265ea8d0e2faa146aff777d0068290e9747ef3017
fonts/notoserifsc-400-5ab3dc779d.woff2,排除,第三方组件/字体/素材；记录资源摘要，未逐行审查，声明与运行另验,33960,66c35dc76153487b017608264634ea093981271548c59aaa394772ed08c81e73
fonts/notoserifsc-400-5d2c162108.woff2,排除,第三方组件/字体/素材；记录资源摘要，未逐行审查，声明与运行另验,39360,70c38bdf292733a2167b8091110fc650442b9888cece984552ec6c90775b0e22
fonts/notoserifsc-400-5d802d498c.woff2,排除,第三方组件/字体/素材；记录资源摘要，未逐行审查，声明与运行另验,42164,e07bb10e282b122ac725d75cdbdc482f89680cdce71ad773083413f667c42b3b
fonts/notoserifsc-400-604e470f9d.woff2,排除,第三方组件/字体/素材；记录资源摘要，未逐行审查，声明与运行另验,13968,198318a26fef917346dd6ed4c78da03f1c5760a04ca865b70f414183890ebba0
fonts/notoserifsc-400-64d3fc1a07.woff2,排除,第三方组件/字体/素材；记录资源摘要，未逐行审查，声明与运行另验,39460,7b8dd20a7927cc71bee8cfea0555909a93172423e62b18c84b3dcf9dd173d34b
fonts/notoserifsc-400-67d4f567a1.woff2,排除,第三方组件/字体/素材；记录资源摘要，未逐行审查，声明与运行另验,39828,a39469f99e4d3b6e269ff700d8b2edc0bea839d0c46cf43d0c1a1c8a71ad8dc7
fonts/notoserifsc-400-6ca93ea16a.woff2,排除,第三方组件/字体/素材；记录资源摘要，未逐行审查，声明与运行另验,43852,a9d450627989c9e65347e9ea95146034f15d168b74285e84e8a23d256c3ef28c
fonts/notoserifsc-400-7018c75050.woff2,排除,第三方组件/字体/素材；记录资源摘要，未逐行审查，声明与运行另验,34764,668cb1a991576f49da8bb311efb227e888752b05d4a5983d39fab70b5e056d6f
fonts/notoserifsc-400-72e45acfcb.woff2,排除,第三方组件/字体/素材；记录资源摘要，未逐行审查，声明与运行另验,37056,32064b13723da0ce323148eabc3aead3cd3123d41cb6f020f08c0d818a0d6a5c
fonts/notoserifsc-400-756f9fbad9.woff2,排除,第三方组件/字体/素材；记录资源摘要，未逐行审查，声明与运行另验,42724,781006ca8d5463354fb6fde2b118875a6da699b1796ce22be3abc003777b6b71
fonts/notoserifsc-400-7d30b47b5b.woff2,排除,第三方组件/字体/素材；记录资源摘要，未逐行审查，声明与运行另验,40772,0931bf8ea722d78f80595729507547f67e4b45344ef8b21381c20cdcd32be2bf
fonts/notoserifsc-400-7d7e013a9b.woff2,排除,第三方组件/字体/素材；记录资源摘要，未逐行审查，声明与运行另验,33700,087d91daec02168b3fbfc2d4cbd9dcf9e7b6edf262c2e58abc12ceee4da9253a
fonts/notoserifsc-400-7e7a2cb9a7.woff2,排除,第三方组件/字体/素材；记录资源摘要，未逐行审查，声明与运行另验,5880,b143c83177a86fd18baa9eb9565803a8853406a0d52144d88a0e88ebd632a620
fonts/notoserifsc-400-7f1a0b6559.woff2,排除,第三方组件/字体/素材；记录资源摘要，未逐行审查，声明与运行另验,37080,85ac5231f9a586452eeb6b5b23198e547dcc18fc6903755d7ff87a2af5bdc7ef
fonts/notoserifsc-400-8218ae18dc.woff2,排除,第三方组件/字体/素材；记录资源摘要，未逐行审查，声明与运行另验,35444,e4e121ebf09a9d498d52965c0b85e404426fdfc94cbf633f2a51f65df3b0be6c
fonts/notoserifsc-400-84bdb998a4.woff2,排除,第三方组件/字体/素材；记录资源摘要，未逐行审查，声明与运行另验,47976,674be02327f6b5489cbe5d5cc9c8fddba0604b359523d25d3cc6c98d11742a28
fonts/notoserifsc-400-85bdcfc366.woff2,排除,第三方组件/字体/素材；记录资源摘要，未逐行审查，声明与运行另验,36656,60e16a0fc5c4b5b056334b1217802a9e06d2a56cd37a1b75ac9ed72c63246e8f
fonts/notoserifsc-400-86e4dd0d44.woff2,排除,第三方组件/字体/素材；记录资源摘要，未逐行审查，声明与运行另验,29204,4f7bc6b6b51b96c5d7107a4b1476e4d6136ff0b019a0adf5c028eec37d3175b7
fonts/notoserifsc-400-874af68619.woff2,排除,第三方组件/字体/素材；记录资源摘要，未逐行审查，声明与运行另验,37972,c79ebadffcbc63731481f32fb59c3690e776cd0dea07bc3bc920c9f58573f6ea
fonts/notoserifsc-400-8b9c515dfc.woff2,排除,第三方组件/字体/素材；记录资源摘要，未逐行审查，声明与运行另验,33804,7dbf09a682a4e05cc0de4c5fe93a79d3bdc6053147f29a21f295da532e5e26e5
fonts/notoserifsc-400-8dd0ad6744.woff2,排除,第三方组件/字体/素材；记录资源摘要，未逐行审查，声明与运行另验,33908,a914664a32e633cb38770d83feb472e90e4ace016ccafb0634f3e4f9ded0d6ec
fonts/notoserifsc-400-8dd9f1a0b9.woff2,排除,第三方组件/字体/素材；记录资源摘要，未逐行审查，声明与运行另验,25056,7fb9b4a84d1f9cfbee518496d70c9623218791a07f95ac2a1d4980b46232fc1c
fonts/notoserifsc-400-9090702d77.woff2,排除,第三方组件/字体/素材；记录资源摘要，未逐行审查，声明与运行另验,33128,99b09b56badaabbd842d58a0b48905b2b62eb8dc91514081264247c1eebaf102
fonts/notoserifsc-400-93835b0092.woff2,排除,第三方组件/字体/素材；记录资源摘要，未逐行审查，声明与运行另验,30716,e3e327821de43568afbf311b9a52234c28e34a5eac2969d7bde522704dd11ce7
fonts/notoserifsc-400-94150b2080.woff2,排除,第三方组件/字体/素材；记录资源摘要，未逐行审查，声明与运行另验,30832,b5b61d6a1157229150ff66d1d2997ff72d0e6722e92e05ba7b3ebe716b36a2da
fonts/notoserifsc-400-94249fcc14.woff2,排除,第三方组件/字体/素材；记录资源摘要，未逐行审查，声明与运行另验,39948,8b2392a29608a069b9636467ec19a0aed362671d8a4f3dd403b5dd13926cbc2a
fonts/notoserifsc-400-9552036702.woff2,排除,第三方组件/字体/素材；记录资源摘要，未逐行审查，声明与运行另验,32600,f2fd134835797badf5edb26ff2513507cf67827b0503b53493c4a07a3543acb1
fonts/notoserifsc-400-9a4c2c076e.woff2,排除,第三方组件/字体/素材；记录资源摘要，未逐行审查，声明与运行另验,39684,0ed19348b9acc0d78251a9358dfcd406f1e68d86ed3d3080dcf2352042e37131
fonts/notoserifsc-400-9aca5b2661.woff2,排除,第三方组件/字体/素材；记录资源摘要，未逐行审查，声明与运行另验,33388,550c508b2da2f686ad407094fc61abb8ca4955579a2a651296e4687df991eebd
fonts/notoserifsc-400-9bd1d52130.woff2,排除,第三方组件/字体/素材；记录资源摘要，未逐行审查，声明与运行另验,5956,992ce1137e064f4ba4384533d84f0a07af2b7ed72e447f632be14cea07c63436
fonts/notoserifsc-400-9cf4d4bfac.woff2,排除,第三方组件/字体/素材；记录资源摘要，未逐行审查，声明与运行另验,35520,6d6246c6fd7a03e5eee9ccbbae5a0bf67ff9624535575e2a34a7bb1d10b3d862
fonts/notoserifsc-400-9d166c020b.woff2,排除,第三方组件/字体/素材；记录资源摘要，未逐行审查，声明与运行另验,30736,f08743b215770a2dc231e056d0128b8a5b607985e2aabbeb76a19a8d0df455ad
fonts/notoserifsc-400-9f52d5d768.woff2,排除,第三方组件/字体/素材；记录资源摘要，未逐行审查，声明与运行另验,44744,5209f425a967af6bd798702015dce9ffecc6d46817385ecd8c4cd5796db02de0
fonts/notoserifsc-400-9facf9faf8.woff2,排除,第三方组件/字体/素材；记录资源摘要，未逐行审查，声明与运行另验,30352,8c63cc77c1d220108f47708b6806eddb56da5fddc877d2e8f8bed9f592e82719
fonts/notoserifsc-400-a27b4620e5.woff2,排除,第三方组件/字体/素材；记录资源摘要，未逐行审查，声明与运行另验,2760,70b69aa90209f7390276e8dfdf3a8ef8ba20a7845be107ebf0aa988a13e1c6ca
fonts/notoserifsc-400-a4c7b269f0.woff2,排除,第三方组件/字体/素材；记录资源摘要，未逐行审查，声明与运行另验,27052,1bd4082ecf77eca7a90b0d8f2bed3757ea13268fb0fc693d6b46653aec202e72
fonts/notoserifsc-400-a525b27867.woff2,排除,第三方组件/字体/素材；记录资源摘要，未逐行审查，声明与运行另验,34460,ce64b49d6f171ff84ab32e47a8846dd08c2492fd51ee1f4a010f86e5cd07ef2e
fonts/notoserifsc-400-a78124fd4d.woff2,排除,第三方组件/字体/素材；记录资源摘要，未逐行审查，声明与运行另验,39092,31deec0c69ec5cb783a3a7746bc03e4cb9fec134303cb5a02170ad1eb65cbd4c
fonts/notoserifsc-400-a91b2feb01.woff2,排除,第三方组件/字体/素材；记录资源摘要，未逐行审查，声明与运行另验,14840,2aadb8d018f6b5fed489dd9c9ee9c34dee849807504988b806c28122928a78e4
fonts/notoserifsc-400-acb7f4efc2.woff2,排除,第三方组件/字体/素材；记录资源摘要，未逐行审查，声明与运行另验,21816,5f82871e558477f3b479dad534993f2bc5b41aa99cf8bb867a2bbe7ccc3b5569
fonts/notoserifsc-400-acdbb31d50.woff2,排除,第三方组件/字体/素材；记录资源摘要，未逐行审查，声明与运行另验,36416,0a274c73d62090bcd19ce602b70333b65a2949ffff0fb58a9c0764c28b14eea6
fonts/notoserifsc-400-ad228b8f89.woff2,排除,第三方组件/字体/素材；记录资源摘要，未逐行审查，声明与运行另验,43316,7db027f41d886ba883186df4149118bf2bd67d209fa20e6b35cead28ec00b2ef
fonts/notoserifsc-400-ad68315765.woff2,排除,第三方组件/字体/素材；记录资源摘要，未逐行审查，声明与运行另验,37656,4984939cfbdf151cde1a5108c294d310e749def5d91af0f3b1b3495eb963a5fa
fonts/notoserifsc-400-af20ec330a.woff2,排除,第三方组件/字体/素材；记录资源摘要，未逐行审查，声明与运行另验,34364,1b5b7e6eba0a7a95f142349a9a214f55c30b025183a5ddc64e364ac6e5472b1e
fonts/notoserifsc-400-b4677ba82f.woff2,排除,第三方组件/字体/素材；记录资源摘要，未逐行审查，声明与运行另验,5952,092b908aedd7b6519bde9089c1ac420741875099f8289c0f82d546f8324592e9
fonts/notoserifsc-400-b7dfa6359e.woff2,排除,第三方组件/字体/素材；记录资源摘要，未逐行审查，声明与运行另验,26576,f97119290ab53f15ddcf931c20f89ac822787b59fcbde8439bca09ff9ba77405
fonts/notoserifsc-400-bd2b98a33a.woff2,排除,第三方组件/字体/素材；记录资源摘要，未逐行审查，声明与运行另验,35088,f59d441e134db8751d4438ed90daebae7488c1b514037f738cbf5c0068c5af55
fonts/notoserifsc-400-c2f3738ac8.woff2,排除,第三方组件/字体/素材；记录资源摘要，未逐行审查，声明与运行另验,6152,2b9a72a0157f70b1e4b257d0aa13d701597c6ea375063fd3d07f24e4c37673b8
fonts/notoserifsc-400-c376bf5e48.woff2,排除,第三方组件/字体/素材；记录资源摘要，未逐行审查，声明与运行另验,37096,f1b0994f0406bf6f01cd31ea312cbf2f7e114e224053f6040a57a3720066bbce
fonts/notoserifsc-400-c8660ddb7e.woff2,排除,第三方组件/字体/素材；记录资源摘要，未逐行审查，声明与运行另验,5460,038988b9ce055fe20e1fb309fa28e21dd1667460940f492349f3aa3ff4ae37a0
fonts/notoserifsc-400-c9bd83eb0e.woff2,排除,第三方组件/字体/素材；记录资源摘要，未逐行审查，声明与运行另验,1528,7dff162a55902117310b7b2938d2754df36a2b718499ce7e30bbd73448835680
fonts/notoserifsc-400-ca2a1782b7.woff2,排除,第三方组件/字体/素材；记录资源摘要，未逐行审查，声明与运行另验,39076,c719a170320a936006435ef3b866396ccb3240f095e6192cd1a9676a45364913
fonts/notoserifsc-400-cc0a51e0a1.woff2,排除,第三方组件/字体/素材；记录资源摘要，未逐行审查，声明与运行另验,44632,68cf19eb70c5a1cad04ba1eb7b89231843e12aab918963c898b7e744e87e726f
fonts/notoserifsc-400-cc9877c763.woff2,排除,第三方组件/字体/素材；记录资源摘要，未逐行审查，声明与运行另验,38144,748c49190e86b707a177ae62ee0de98f0dbbe53f4e72347f09e530d3df50eaf8
fonts/notoserifsc-400-cf78545bd8.woff2,排除,第三方组件/字体/素材；记录资源摘要，未逐行审查，声明与运行另验,35632,286168fa3f8c3ff0393f7be781beedb78d319703458e84233d490b91427cb064
fonts/notoserifsc-400-cfaf07f5ec.woff2,排除,第三方组件/字体/素材；记录资源摘要，未逐行审查，声明与运行另验,41872,cd4f2bb208b10081fac6d57cb1bc470faa60b3914f1f6ffa56840bc72709e8ce
fonts/notoserifsc-400-d34c18e8d7.woff2,排除,第三方组件/字体/素材；记录资源摘要，未逐行审查，声明与运行另验,28556,28302b1b4d060e430cf017b32df943740cdfb5a9bc34e4e7f9998db0f5aeb051
fonts/notoserifsc-400-d5734e66c1.woff2,排除,第三方组件/字体/素材；记录资源摘要，未逐行审查，声明与运行另验,5724,ff6d9a53e368c9cb7ef501c7c71bcbc00349c7eb0d7fad0d1ca806f8faa26c7e
fonts/notoserifsc-400-de407571dc.woff2,排除,第三方组件/字体/素材；记录资源摘要，未逐行审查，声明与运行另验,36504,c4afcce8095fbb98cdfee097ffaeacd4f5bf6692d4b655ff3fc82651a8199937
fonts/notoserifsc-400-df32efbd5c.woff2,排除,第三方组件/字体/素材；记录资源摘要，未逐行审查，声明与运行另验,38460,d4be17011f92b819855d0fc092230c0eb13baad1be4bd17d9b6bd9b0ee8ebd6b
fonts/notoserifsc-400-e35e7eeae0.woff2,排除,第三方组件/字体/素材；记录资源摘要，未逐行审查，声明与运行另验,2516,7cee9b36e6eceafdf0ac327e8d6b2825b581033460a4c5bfa964f2a2ca23811b
fonts/notoserifsc-400-e4e202bb97.woff2,排除,第三方组件/字体/素材；记录资源摘要，未逐行审查，声明与运行另验,34048,04a269894c40bda831579d523c916d592937a71c81be01cc5334368c7b5d5bca
fonts/notoserifsc-400-eb0ae4650b.woff2,排除,第三方组件/字体/素材；记录资源摘要，未逐行审查，声明与运行另验,41796,03dcbdce956242b7442533a0b4846c2fac6d93a11253bdb05ce0397a927fbbdb
fonts/notoserifsc-400-f3547cd913.woff2,排除,第三方组件/字体/素材；记录资源摘要，未逐行审查，声明与运行另验,34612,9513ffe226cad7bee226ef503eeb32733443530882cd9dbd628fcc54ab066533
fonts/notoserifsc-400-f96b012210.woff2,排除,第三方组件/字体/素材；记录资源摘要，未逐行审查，声明与运行另验,38900,32e1b98d5994e97170930a6f8b833715ea3965dd2a1415fcd6046e96c7055433
fonts/notoserifsc-400-fb5aef9b81.woff2,排除,第三方组件/字体/素材；记录资源摘要，未逐行审查，声明与运行另验,8900,7fab1516bb96d2bfd65f2d67eadb3ba14fe745232f613ea7e7afe7d713556dbf
fonts/notoserifsc-400-fd8fb6171e.woff2,排除,第三方组件/字体/素材；记录资源摘要，未逐行审查，声明与运行另验,37824,27e6d1a3e8135ddcd1bcac7dd2de96fb40a43efc38d84e414b802e2bafcb66a2
fonts/notoserifsc-400-ff115340cf.woff2,排除,第三方组件/字体/素材；记录资源摘要，未逐行审查，声明与运行另验,41808,e16a579d7e3f6ce1bf4244544955cc9960cd2f12f359b279303e68b9f94108f3
fonts/notoserifsc-600-0137d74079.woff2,排除,第三方组件/字体/素材；记录资源摘要，未逐行审查，声明与运行另验,34268,44a0ff23a2fa16d43a508d972372ec03a118324d8017e1043cb8c632dc49ac56
fonts/notoserifsc-600-042ee68da7.woff2,排除,第三方组件/字体/素材；记录资源摘要，未逐行审查，声明与运行另验,35996,27a8e9a3fed7148e1b777070b972e151cee03b8e9968361d8a7f325739867511
fonts/notoserifsc-600-04bab6408b.woff2,排除,第三方组件/字体/素材；记录资源摘要，未逐行审查，声明与运行另验,38576,a67774ba113f6ff3619164bb98ae3adfb83dd46fb307c388cc85c9e655728836
fonts/notoserifsc-600-079e0d9652.woff2,排除,第三方组件/字体/素材；记录资源摘要，未逐行审查，声明与运行另验,39556,0fd342c682a2b3a7fdcad1c9b659ad693d5ee9694c8f3750e3f8960c18e269e9
fonts/notoserifsc-600-0952a9eadb.woff2,排除,第三方组件/字体/素材；记录资源摘要，未逐行审查，声明与运行另验,40764,4cfd117c48adfcf6e831e7f0bcb6d984bc387eee13f842d80fee79fda33b3afd
fonts/notoserifsc-600-0976382b88.woff2,排除,第三方组件/字体/素材；记录资源摘要，未逐行审查，声明与运行另验,34168,c418d6728fccd0f89dd09df0bcb97e7510773e9a99a6f8eb8a76b3826bb1f402
fonts/notoserifsc-600-097c906532.woff2,排除,第三方组件/字体/素材；记录资源摘要，未逐行审查，声明与运行另验,33688,359cb28bbb1665d5c678d437625a029d66d239ef0123b57d1d93dcf57d0da2da
fonts/notoserifsc-600-0b10c66790.woff2,排除,第三方组件/字体/素材；记录资源摘要，未逐行审查，声明与运行另验,22872,cff80f1f9f6dea13662678a5edab0fbc497da624fe5823ac11f49c5fd17a3d16
fonts/notoserifsc-600-111f5a9717.woff2,排除,第三方组件/字体/素材；记录资源摘要，未逐行审查，声明与运行另验,43224,1d21817a759b192a761be78e33782a81abc648f4e75d2222099520d9f0780a46
fonts/notoserifsc-600-184ab4015c.woff2,排除,第三方组件/字体/素材；记录资源摘要，未逐行审查，声明与运行另验,38492,10c50b2f8bbe631896efbf3cc5c2262bb4f545c1797e8d2dca336acbec28bcf7
fonts/notoserifsc-600-1908aec2e9.woff2,排除,第三方组件/字体/素材；记录资源摘要，未逐行审查，声明与运行另验,41504,a28bcad99cefaa966eb5a9a01bb70c8fc5e7b601179e233b37b5b11483a6e518
fonts/notoserifsc-600-194e1df224.woff2,排除,第三方组件/字体/素材；记录资源摘要，未逐行审查，声明与运行另验,38648,36c08a8fb6b188b01c21667ade3f5714265ab4687e57f06429e21eca1290a7a0
fonts/notoserifsc-600-1a5c9a0d4f.woff2,排除,第三方组件/字体/素材；记录资源摘要，未逐行审查，声明与运行另验,32404,e8aa0c142a6d6cf6076a1d7ea4270f1149e1a82d686d6a71a2106f8589505787
fonts/notoserifsc-600-1b159a856a.woff2,排除,第三方组件/字体/素材；记录资源摘要，未逐行审查，声明与运行另验,32288,3a79efd176e36d51d0df9a11846a6ef433d76e9831cb7fe1ff1e7197fbda3ddd
fonts/notoserifsc-600-1c61f6dd45.woff2,排除,第三方组件/字体/素材；记录资源摘要，未逐行审查，声明与运行另验,32852,f3faa09cc15ce2d4f7b8ce453f8b5a7d418fae6dcc932d69308effba280d35be
fonts/notoserifsc-600-1d79015165.woff2,排除,第三方组件/字体/素材；记录资源摘要，未逐行审查，声明与运行另验,35484,929b721346d2f8f21e18d0f0ccebf59769c9f273b04bf1a5464e2233de68e578
fonts/notoserifsc-600-1f7b9b9963.woff2,排除,第三方组件/字体/素材；记录资源摘要，未逐行审查，声明与运行另验,36784,0c5a20782e6c93a428f385bd328cb24c2e089c205ebc81a3a06844d26f8d7e4d
fonts/notoserifsc-600-2afcc1f59c.woff2,排除,第三方组件/字体/素材；记录资源摘要，未逐行审查，声明与运行另验,42656,c6b1d3ef96b1ee698217d79b4df2e80762e053c94672a547e48ca15c8987cdb2
fonts/notoserifsc-600-2d7a4209e9.woff2,排除,第三方组件/字体/素材；记录资源摘要，未逐行审查，声明与运行另验,38396,f01d4a26879645748f1bb2a5f1d6a9861ca0872b0df3a8098fc4d064c314f360
fonts/notoserifsc-600-320d10f755.woff2,排除,第三方组件/字体/素材；记录资源摘要，未逐行审查，声明与运行另验,32988,eefc15eee1dea3025be72e824722377a02bf2b65271bbea2914b2ebd3c24c06e
fonts/notoserifsc-600-348a479051.woff2,排除,第三方组件/字体/素材；记录资源摘要，未逐行审查，声明与运行另验,43832,873c7d18ffee45bea09660fb358fc6a2da115fc5cb55034dc4a3d15ce93d7562
fonts/notoserifsc-600-3586246f93.woff2,排除,第三方组件/字体/素材；记录资源摘要，未逐行审查，声明与运行另验,35012,d90b05d9aee110263de410ba4ce7a85ba93157142a8c9ad22ea6219ba76e8ef6
fonts/notoserifsc-600-35c83f6a60.woff2,排除,第三方组件/字体/素材；记录资源摘要，未逐行审查，声明与运行另验,54664,dfde74d4ac59d840660817ac8651d7ef7a205c349bf0de676a33efdcc371075b
fonts/notoserifsc-600-3701620a0b.woff2,排除,第三方组件/字体/素材；记录资源摘要，未逐行审查，声明与运行另验,42260,6d9b93962e7599488d1be7496b9c00913a6c0ce666030b3f9c35358f85aa460b
fonts/notoserifsc-600-3976ba328b.woff2,排除,第三方组件/字体/素材；记录资源摘要，未逐行审查，声明与运行另验,36972,c53e975a40fcdccce199fd859379a9a458f3643187de0d2260162e7e300b0796
fonts/notoserifsc-600-399ee44b31.woff2,排除,第三方组件/字体/素材；记录资源摘要，未逐行审查，声明与运行另验,1552,de341889e8ddab28dbbdd77081d5ea22fa566f8cbf3eb05f61bb1b2b114c4bfe
fonts/notoserifsc-600-3a2d440ff6.woff2,排除,第三方组件/字体/素材；记录资源摘要，未逐行审查，声明与运行另验,45056,b0076c1daa3bc7e9f1335a750f546dc39f4c89bc4e5f437609cf64be51f7065e
fonts/notoserifsc-600-3ab265e78b.woff2,排除,第三方组件/字体/素材；记录资源摘要，未逐行审查，声明与运行另验,44404,e4b905149dab510012571decdc222428a977a53db118da993dc9b0c93bd9fef9
fonts/notoserifsc-600-3d002cd26f.woff2,排除,第三方组件/字体/素材；记录资源摘要，未逐行审查，声明与运行另验,40452,fc220e62b67c3b495ed0c89958001abfc1c3bd50a149a187a89dfc4bf3b62cfd
fonts/notoserifsc-600-3e5a51adf6.woff2,排除,第三方组件/字体/素材；记录资源摘要，未逐行审查，声明与运行另验,42404,5561091d310da2199decf964a4ba957ad1c6f5bb4e130e2df2fcfcdb200b05c4
fonts/notoserifsc-600-3e98acde2f.woff2,排除,第三方组件/字体/素材；记录资源摘要，未逐行审查，声明与运行另验,34260,71e92fb0b23f3fdcfb0d187e141afb63747f851a572ef90e707faa9395bf4541
fonts/notoserifsc-600-44ae3022bd.woff2,排除,第三方组件/字体/素材；记录资源摘要，未逐行审查，声明与运行另验,31244,b19552cc2a7ad9d4c15c1c267c6eb21c535cb7a40f5a76aac52cf89e6eec6c1f
fonts/notoserifsc-600-466725622f.woff2,排除,第三方组件/字体/素材；记录资源摘要，未逐行审查，声明与运行另验,32516,67358a3a19e1aea34fdd1a51be01735e487ebcf2331c43a700a270d2ea096bf9
fonts/notoserifsc-600-46cbdce864.woff2,排除,第三方组件/字体/素材；记录资源摘要，未逐行审查，声明与运行另验,44256,1fbe1b12d7763054e27fd016e74dbae44c13325cacdec70ad2799ab93468617b
fonts/notoserifsc-600-47ea6429a2.woff2,排除,第三方组件/字体/素材；记录资源摘要，未逐行审查，声明与运行另验,5928,f56f3d2ae62a89b11c313029f264838aa3f26dce39aacf196af2d851c16adedf
fonts/notoserifsc-600-49a8796f9d.woff2,排除,第三方组件/字体/素材；记录资源摘要，未逐行审查，声明与运行另验,42292,0ac54db05e7582f3a8209c3f49c101246e284c814a45df2d343f41b735679be8
fonts/notoserifsc-600-4d72e9b856.woff2,排除,第三方组件/字体/素材；记录资源摘要，未逐行审查，声明与运行另验,40704,1efcbb8be423a652aff8d6f5ee36c3f8c992daf0b2d18c9ccaeed9145eb361d2
fonts/notoserifsc-600-50855a3a31.woff2,排除,第三方组件/字体/素材；记录资源摘要，未逐行审查，声明与运行另验,35968,95cc6941e481e6f755137c6a97b2b775a0aef8d15e3ecc882024d06efedaa261
fonts/notoserifsc-600-5353e5716e.woff2,排除,第三方组件/字体/素材；记录资源摘要，未逐行审查，声明与运行另验,6940,d26ebdce63dd0a31cbde7c841351b5f3cdbb147985a45e57456ab442af3bbbf8
fonts/notoserifsc-600-5366de1a71.woff2,排除,第三方组件/字体/素材；记录资源摘要，未逐行审查，声明与运行另验,5432,f6f444f6e74c4147808f3e908f222cf7c2468549b2f793a8c1e2536009cdc6ae
fonts/notoserifsc-600-57fd78dac4.woff2,排除,第三方组件/字体/素材；记录资源摘要，未逐行审查，声明与运行另验,37200,febeebe4bb705714bb8c617a0bbd8328b001830044f923fdf3a70b5b8b9af3b9
fonts/notoserifsc-600-5df1a5a8e7.woff2,排除,第三方组件/字体/素材；记录资源摘要，未逐行审查，声明与运行另验,27564,8a8f0e6becae2e34c91a7d6ae1a5dc23ad1ace16badc0ed514f6b92d20f21b5e
fonts/notoserifsc-600-6025c6d9b0.woff2,排除,第三方组件/字体/素材；记录资源摘要，未逐行审查，声明与运行另验,25212,49293ab2f7e6a448d2c11f102ab7e3d0e578bcb2160eaa532ca9d5e8499307ed
fonts/notoserifsc-600-61ace4f2e3.woff2,排除,第三方组件/字体/素材；记录资源摘要，未逐行审查，声明与运行另验,38124,1c2d435458b8ea785358084d7acb75f0b0828a007d2d106d72ac091a0899321a
fonts/notoserifsc-600-6561f60418.woff2,排除,第三方组件/字体/素材；记录资源摘要，未逐行审查，声明与运行另验,30488,7d30a7b6acd143a27efd4cfe1e2b3366d86bf23a46366045e97c0f39a089d307
fonts/notoserifsc-600-666b3e55ef.woff2,排除,第三方组件/字体/素材；记录资源摘要，未逐行审查，声明与运行另验,33548,dfd000675bb0fc0c66cff51a2f0839c21b39c2de0158f43ab55fb91ee0fd90cf
fonts/notoserifsc-600-66e5c3b6f4.woff2,排除,第三方组件/字体/素材；记录资源摘要，未逐行审查，声明与运行另验,31148,75402d8015550aca7b4d9f0986841e4cf73f51961159fbfbd8f634339dd79e2f
fonts/notoserifsc-600-68fddd42ef.woff2,排除,第三方组件/字体/素材；记录资源摘要，未逐行审查，声明与运行另验,30940,a712b3e342d121346960025927dc39243d9bcaca67f8b8cf6cc091cb546fff1d
fonts/notoserifsc-600-6aa07fdddd.woff2,排除,第三方组件/字体/素材；记录资源摘要，未逐行审查，声明与运行另验,38808,8f00466823d3f69eb5e853e81ac17ee0ea1ddbd2bf0212b6c73a06516e9400e9
fonts/notoserifsc-600-6bd863fd53.woff2,排除,第三方组件/字体/素材；记录资源摘要，未逐行审查，声明与运行另验,5744,7b5befa8d430414f703d167b4ccb9795225aa88eb1beda44ebbec1355476790a
fonts/notoserifsc-600-6d84ed8abe.woff2,排除,第三方组件/字体/素材；记录资源摘要，未逐行审查，声明与运行另验,35364,2e8d21662c631e74f616ea829dd8ee1d64d21753a91f67194954e91dc16f54ad
fonts/notoserifsc-600-6e605cebd4.woff2,排除,第三方组件/字体/素材；记录资源摘要，未逐行审查，声明与运行另验,28912,00272115b8df7efe03640ce6b9595df8d8db85ec967fbf9d5d8499cef890869a
fonts/notoserifsc-600-6f4a16c5b6.woff2,排除,第三方组件/字体/素材；记录资源摘要，未逐行审查，声明与运行另验,27280,2e461a54e44cad2b4f02a22483abe1a768e34d5380cfc05e0cd78ad7690d3760
fonts/notoserifsc-600-720193303e.woff2,排除,第三方组件/字体/素材；记录资源摘要，未逐行审查，声明与运行另验,36864,a32149a455fc8661150219c4404093c134b256819fe9e6592867876428f42061
fonts/notoserifsc-600-760872f7d5.woff2,排除,第三方组件/字体/素材；记录资源摘要，未逐行审查，声明与运行另验,21984,3101728641955d8194336be836be4648ba0886a47e354b1a8093a52771b34bb9
fonts/notoserifsc-600-77bb9842d0.woff2,排除,第三方组件/字体/素材；记录资源摘要，未逐行审查，声明与运行另验,6120,5faa638a6735ac9a4ba8e21266227ffc4a120e0868b96eecd5fa3e376677c16a
fonts/notoserifsc-600-7a009cafc4.woff2,排除,第三方组件/字体/素材；记录资源摘要，未逐行审查，声明与运行另验,18632,3d7ce0ff551c2c3ab3a4647a4e69dd166b0bf251ce766b3cfcc6955c19c1ce18
fonts/notoserifsc-600-804f9fc132.woff2,排除,第三方组件/字体/素材；记录资源摘要，未逐行审查，声明与运行另验,29152,edec42ac94ed36fbd7d80e513ed07eb38bb65a97aa0401011586d967e6d5ae95
fonts/notoserifsc-600-80b83c25f3.woff2,排除,第三方组件/字体/素材；记录资源摘要，未逐行审查，声明与运行另验,2564,5eee43e19a60612eec82c545d085e9164e5b6880badcf104ef81c6a416615676
fonts/notoserifsc-600-811d94acee.woff2,排除,第三方组件/字体/素材；记录资源摘要，未逐行审查，声明与运行另验,31272,0d60f49b555a97180bceb542bc297d2e0b0c558b0e2378cc029ac0b147d809e6
fonts/notoserifsc-600-853786d923.woff2,排除,第三方组件/字体/素材；记录资源摘要，未逐行审查，声明与运行另验,43452,312ee5b0ed4f818e10f3f1bc665dd677983f42474bff7fb915d9fd175907779d
fonts/notoserifsc-600-8537f34941.woff2,排除,第三方组件/字体/素材；记录资源摘要，未逐行审查，声明与运行另验,39992,13b1d45feb94c60beb0f3b7ebb2d4f4a89640e8d9b5260ed1953e7dada6f39a7
fonts/notoserifsc-600-8aed24c97d.woff2,排除,第三方组件/字体/素材；记录资源摘要，未逐行审查，声明与运行另验,37548,f7f9c6f7ddea51d6d568ef9f2bd5ea12fc693bf1ad5252ebc4aa0d4c32783098
fonts/notoserifsc-600-90bb45caa1.woff2,排除,第三方组件/字体/素材；记录资源摘要，未逐行审查，声明与运行另验,43736,41befcffb91186e9913348be3f02f502b40a1baf86a6808126aee8dc2751abe8
fonts/notoserifsc-600-915e22f92e.woff2,排除,第三方组件/字体/素材；记录资源摘要，未逐行审查，声明与运行另验,37572,5ef4ae3b3354e9907630a23c2c0cc5d837a03295c23720e1f1fb1fdd847e5410
fonts/notoserifsc-600-9206ef60eb.woff2,排除,第三方组件/字体/素材；记录资源摘要，未逐行审查，声明与运行另验,45156,31afca110b27b8b40a8ff1d585bf7beeecdec94805f7588b5d086332d8e0b07f
fonts/notoserifsc-600-931ee87695.woff2,排除,第三方组件/字体/素材；记录资源摘要，未逐行审查，声明与运行另验,36108,3685a1cf8d586c1109cd8170e0a848392fa4f97195df0c90f9510366d3fddc59
fonts/notoserifsc-600-95013e13ba.woff2,排除,第三方组件/字体/素材；记录资源摘要，未逐行审查，声明与运行另验,8124,42cc1b8b036b2d925152f5a4ef9657426616d6373b9bbf282e1de12f0f2c630b
fonts/notoserifsc-600-960490a339.woff2,排除,第三方组件/字体/素材；记录资源摘要，未逐行审查，声明与运行另验,48420,1b537b0c50413a12d9a5e61d7a37aab0933bd6ac1bf62075cc121eb08de24725
fonts/notoserifsc-600-9bd306cfc3.woff2,排除,第三方组件/字体/素材；记录资源摘要，未逐行审查，声明与运行另验,31176,c310104843633b5e7c6844596d6e662910e070220b38e63d81c944e9916e9af5
fonts/notoserifsc-600-9f74b0f13f.woff2,排除,第三方组件/字体/素材；记录资源摘要，未逐行审查，声明与运行另验,45192,eb6af6dc00145072781fbb47869a5ddf507c2ddfbdb491e09f761a996f52597e
fonts/notoserifsc-600-a2591dbeab.woff2,排除,第三方组件/字体/素材；记录资源摘要，未逐行审查，声明与运行另验,29652,285ace59bd082f3cd840ed1e10a1f6dc7aeb239f1766d284dca5cb92a95882d1
fonts/notoserifsc-600-a44e61de8b.woff2,排除,第三方组件/字体/素材；记录资源摘要，未逐行审查，声明与运行另验,36208,5edef44a71459a1f39fe0aaf5e66b6be428ca4ce941c3139f8a50c364903b0f6
fonts/notoserifsc-600-a4e04429f0.woff2,排除,第三方组件/字体/素材；记录资源摘要，未逐行审查，声明与运行另验,5864,2b191ab82ce1d48baed0541bdc16ac5720c5c4a117e3b6045e0e33f0c304a884
fonts/notoserifsc-600-a7ff1541e6.woff2,排除,第三方组件/字体/素材；记录资源摘要，未逐行审查，声明与运行另验,6880,cfe9db1a38b549a5d0aa8c4d12772456825cfd006b45fa73dfd6c517c0b9374f
fonts/notoserifsc-600-adc463ed05.woff2,排除,第三方组件/字体/素材；记录资源摘要，未逐行审查，声明与运行另验,23864,e96a0926949178e1b0b62f6ea3da2e33812044a96dc184bbbe58f3a954ecb0f8
fonts/notoserifsc-600-aebfd4e948.woff2,排除,第三方组件/字体/素材；记录资源摘要，未逐行审查，声明与运行另验,34052,d3042790639f22bd9b17175dc8380b0c0f01150c69b6b56cc028debc5ab39af3
fonts/notoserifsc-600-afa4a3e20c.woff2,排除,第三方组件/字体/素材；记录资源摘要，未逐行审查，声明与运行另验,14952,9001fc3cd97637a35342df4c3aef95d4272921ef2439165211c7d1502f7844ff
fonts/notoserifsc-600-b6ad6377e7.woff2,排除,第三方组件/字体/素材；记录资源摘要，未逐行审查，声明与运行另验,42484,9d63726301d99aedf968e51d6b23105ae56d6dd6a8ffca0db00325fd6db80c72
fonts/notoserifsc-600-bb3a7862e5.woff2,排除,第三方组件/字体/素材；记录资源摘要，未逐行审查，声明与运行另验,14112,7be70c755719e2f212d223a884aa476a8f9e2cffae756e641afe673254e8db91
fonts/notoserifsc-600-be1169b521.woff2,排除,第三方组件/字体/素材；记录资源摘要，未逐行审查，声明与运行另验,33432,1da0b895ca1cf4120080691963bd6ba5c01ce55313f8ba54ca795620d86bbfa8
fonts/notoserifsc-600-bea904ebee.woff2,排除,第三方组件/字体/素材；记录资源摘要，未逐行审查，声明与运行另验,39640,8fa2b42b74158f6b1c0eed8d998552a38ace2b0f4200c0a539fbf2431ca41236
fonts/notoserifsc-600-c4ddbb7dbe.woff2,排除,第三方组件/字体/素材；记录资源摘要，未逐行审查，声明与运行另验,34588,cc73d607db2d199244411952b78e8d5d05721aa41999dc3c26afc6790d3150e6
fonts/notoserifsc-600-c4fe416ac2.woff2,排除,第三方组件/字体/素材；记录资源摘要，未逐行审查，声明与运行另验,30844,7c5180e852dc33dca4a90b556420dd0f4954688e82915058454b558b7d01d105
fonts/notoserifsc-600-c6fcc0cace.woff2,排除,第三方组件/字体/素材；记录资源摘要，未逐行审查，声明与运行另验,34364,1929961d6031fa1176a005cbc573ef16ce9855afd761126fe2404506143b520b
fonts/notoserifsc-600-c77affee4b.woff2,排除,第三方组件/字体/素材；记录资源摘要，未逐行审查，声明与运行另验,40464,a940bc1424abfcc6079c512d1dc3065d0695e9bcee740385e505dc455f1bc1e2
fonts/notoserifsc-600-c901244a59.woff2,排除,第三方组件/字体/素材；记录资源摘要，未逐行审查，声明与运行另验,39920,cfcc7baaaf6feafbe50249c3c8f584ffefd234597fe8a4b8c9d3b70c416b3b31
fonts/notoserifsc-600-cad69e96b3.woff2,排除,第三方组件/字体/素材；记录资源摘要，未逐行审查，声明与运行另验,26888,287033f108a23d6d5797f315e496bdf66d5479928f57428e0f6cc766e7eaa1e1
fonts/notoserifsc-600-ce8bc3fd16.woff2,排除,第三方组件/字体/素材；记录资源摘要，未逐行审查，声明与运行另验,43196,5ae71e3aa15ac9e69504fc4191e438e7fc681b321522e55d2815e16f64901899
fonts/notoserifsc-600-cfa5c1d769.woff2,排除,第三方组件/字体/素材；记录资源摘要，未逐行审查，声明与运行另验,41680,30932f4b259fe1d3fed1495d7b14d85810005db63f3c237836e6a35d9da9ac19
fonts/notoserifsc-600-d82710c95a.woff2,排除,第三方组件/字体/素材；记录资源摘要，未逐行审查，声明与运行另验,2788,b739fe495b4eb47c735e6c663fa2a4c656a0026d3ae4097b2b023ee887aeb5b6
fonts/notoserifsc-600-d86f253e4e.woff2,排除,第三方组件/字体/素材；记录资源摘要，未逐行审查，声明与运行另验,38140,07253b10134948ec7860a49eb27898cd83bb62da9ea12622fb7a91adf67cabd5
fonts/notoserifsc-600-db35a7663a.woff2,排除,第三方组件/字体/素材；记录资源摘要，未逐行审查，声明与运行另验,39228,1b1f7eab67cfd2a86c1e214ad43b4a2c2c641be9e93974687c52b694d8604aa3
fonts/notoserifsc-600-dd920e2961.woff2,排除,第三方组件/字体/素材；记录资源摘要，未逐行审查，声明与运行另验,35932,72f8148186e4e687aff4c92b8e262bcab2e04a3b4830f26721d81462f16bf6e4
fonts/notoserifsc-600-dffdc1ea52.woff2,排除,第三方组件/字体/素材；记录资源摘要，未逐行审查，声明与运行另验,39852,48bb9e0f2872b868939f0dede6fa97ae154d7efc1abe2bb548dc2022ea9164dc
fonts/notoserifsc-600-e110220479.woff2,排除,第三方组件/字体/素材；记录资源摘要，未逐行审查，声明与运行另验,34992,940298ce0e8b1a8a6b352a866f5bab12ca13a528ba18189450c2ac71932a913e
fonts/notoserifsc-600-e74dc42099.woff2,排除,第三方组件/字体/素材；记录资源摘要，未逐行审查，声明与运行另验,8896,1f67fc23825a0f0c669552db2a0dcb9c5e1893667ae2ed22cc472c633ca9975b
fonts/notoserifsc-600-eb9f3e5f5e.woff2,排除,第三方组件/字体/素材；记录资源摘要，未逐行审查，声明与运行另验,31080,ee7f8bd592fc0219fbd6da404d1ec80686092a66f314b46822a8df1a22f1ad5a
fonts/notoserifsc-600-f596ae2449.woff2,排除,第三方组件/字体/素材；记录资源摘要，未逐行审查，声明与运行另验,28120,d6f71efbeb94437c080d736e663cba8b4c07aae26ceb264e04e84cd26b550a6f
fonts/notoserifsc-600-f61e11f1b8.woff2,排除,第三方组件/字体/素材；记录资源摘要，未逐行审查，声明与运行另验,34200,0f51bf0a36b751b9dd8b54739807751b48c2eb27665243d63aeb01b51a68ca17
fonts/notoserifsc-600-ff55e2f959.woff2,排除,第三方组件/字体/素材；记录资源摘要，未逐行审查，声明与运行另验,5868,ec9c5d54912928d9c2af96a0e51e07c41586d6f2a9f42d24685f91cc123de7ff
fonts/notoserifsc-700-01afaef40a.woff2,排除,第三方组件/字体/素材；记录资源摘要，未逐行审查，声明与运行另验,5416,6c9e4281deed5799daa612b41ee66297a4713dfb3341378ab90a6b1181842daa
fonts/notoserifsc-700-0bfc0d2420.woff2,排除,第三方组件/字体/素材；记录资源摘要，未逐行审查，声明与运行另验,44256,7b9a1f1e5f976c5efb45cc8f485c26693ed6922b61be76a1022e6de338fcef4c
fonts/notoserifsc-700-11c5a422bd.woff2,排除,第三方组件/字体/素材；记录资源摘要，未逐行审查，声明与运行另验,41332,7affb6fa5000519b3f09214a94a757cb00db78ddf1bbc4eb9949555a93dc7804
fonts/notoserifsc-700-11f1938a3d.woff2,排除,第三方组件/字体/素材；记录资源摘要，未逐行审查，声明与运行另验,6968,40f0903d3211393453f9c56a266213fac731215e1a2decc209cc37c76635913c
fonts/notoserifsc-700-13c390ed98.woff2,排除,第三方组件/字体/素材；记录资源摘要，未逐行审查，声明与运行另验,33916,4b6514fb1984133cfdff9506028f339bb008dca5cf28a5c980ac67194cc29745
fonts/notoserifsc-700-16b9fa7083.woff2,排除,第三方组件/字体/素材；记录资源摘要，未逐行审查，声明与运行另验,32980,469a4864e119c17a32ed119039098a1940d2ba61f48e0c7723c0b05b499040d8
fonts/notoserifsc-700-1a8f3c56b2.woff2,排除,第三方组件/字体/素材；记录资源摘要，未逐行审查，声明与运行另验,36768,de29127745e3fb93dff7556d818ac1f9c9c5d70c6e540010e7a14589a49c0bd8
fonts/notoserifsc-700-1e9a6f6a01.woff2,排除,第三方组件/字体/素材；记录资源摘要，未逐行审查，声明与运行另验,35832,3078e51ca63c19b553b86c010842d696735c6f2c25a6005af7eb6e576ea104e8
fonts/notoserifsc-700-290b59737a.woff2,排除,第三方组件/字体/素材；记录资源摘要，未逐行审查，声明与运行另验,38500,6e83498d4be1e4ee06bad683e1ba94c303d280ef6ce46fe87640a01d47a46d84
fonts/notoserifsc-700-2b27e1a032.woff2,排除,第三方组件/字体/素材；记录资源摘要，未逐行审查，声明与运行另验,45592,59fa29460dd6efda7232ff00067f72c82f38c729addeb6adab69f51d381d2a8f
fonts/notoserifsc-700-2b4820ad2f.woff2,排除,第三方组件/字体/素材；记录资源摘要，未逐行审查，声明与运行另验,34588,91b87646817b72007821f4a745ece3cae105f8c09f32ea03468809dfab5c277f
fonts/notoserifsc-700-2ba2c70662.woff2,排除,第三方组件/字体/素材；记录资源摘要，未逐行审查，声明与运行另验,40564,f0629544f7b2eb4a1cb48ddf4cf0a0902a7e33dc0b482c40b6fb279b8c2234f0
fonts/notoserifsc-700-2e5235158c.woff2,排除,第三方组件/字体/素材；记录资源摘要，未逐行审查，声明与运行另验,40872,a4da2f7301f1271d9f7c3c0417ed781ca98ac81430450adde91a952f3b3526f3
fonts/notoserifsc-700-2ffd8180a0.woff2,排除,第三方组件/字体/素材；记录资源摘要，未逐行审查，声明与运行另验,31528,de53b836f216a71ce07a66a43ada00bb41ed65100d40340e52701a0543d3cbc9
fonts/notoserifsc-700-3028c9ffa1.woff2,排除,第三方组件/字体/素材；记录资源摘要，未逐行审查，声明与运行另验,29388,93a74bf9d4b5d0c542aace812ae73e5eed514c72b833083193c51734cea246b4
fonts/notoserifsc-700-36f4988bfa.woff2,排除,第三方组件/字体/素材；记录资源摘要，未逐行审查，声明与运行另验,35216,aa3dc493332961d91aab89d3e28ecd58abb1713b8c5b133fc887b3c1b15b26fc
fonts/notoserifsc-700-3ab8ade178.woff2,排除,第三方组件/字体/素材；记录资源摘要，未逐行审查，声明与运行另验,37768,0ffb50e6cd598215d10359fe5a6807c3000665789b51b92c9226219ccb1d1c1a
fonts/notoserifsc-700-3b50573715.woff2,排除,第三方组件/字体/素材；记录资源摘要，未逐行审查，声明与运行另验,28480,a498222395ec8ed7699f551f313a06ca42b9e91125db5760e617a85f8bf68ce4
fonts/notoserifsc-700-3c29a614a2.woff2,排除,第三方组件/字体/素材；记录资源摘要，未逐行审查，声明与运行另验,37108,50aa2c0cad4d18e43b375feb63f231c5e6c2ef504cf13d908df8caccbb590f7b
fonts/notoserifsc-700-3d6a64c094.woff2,排除,第三方组件/字体/素材；记录资源摘要，未逐行审查，声明与运行另验,2780,98047edb42f351f7eee81aeafccb893b316033343ae8ba0eb5e5f3083d61ef11
fonts/notoserifsc-700-40040205c9.woff2,排除,第三方组件/字体/素材；记录资源摘要，未逐行审查，声明与运行另验,37224,d05c3176e1e1fc2733cc1f3aab08b38b7b6bd79a2fc87a8e4b3962d66840f87b
fonts/notoserifsc-700-407d142beb.woff2,排除,第三方组件/字体/素材；记录资源摘要，未逐行审查，声明与运行另验,27224,a5db8fc28c0ae25fedcfec3f87173fb06b233db2a1fc44ea33128e4708a46986
fonts/notoserifsc-700-42686c0fcc.woff2,排除,第三方组件/字体/素材；记录资源摘要，未逐行审查，声明与运行另验,31600,917e557ac85ee7c68d66cf86399dd51f62be78b5c84c2e07f4c353c0da430de9
fonts/notoserifsc-700-428dc49e24.woff2,排除,第三方组件/字体/素材；记录资源摘要，未逐行审查，声明与运行另验,42912,fb30243b394de731decd9fea5c9cf43a615884e55e6951cd23fb2c8b5b8fe899
fonts/notoserifsc-700-4691d4aa90.woff2,排除,第三方组件/字体/素材；记录资源摘要，未逐行审查，声明与运行另验,38952,7f1f1d5fcdb7121292e9a3331c332648ecfddf15bf828fcc8474e9b03a2196a5
fonts/notoserifsc-700-46a7a424e9.woff2,排除,第三方组件/字体/素材；记录资源摘要，未逐行审查，声明与运行另验,38144,5e29394b79cc413ed9745b61d9045bd5b3070de5ad82d11e01b3ee9bab557154
fonts/notoserifsc-700-4779cd4c0b.woff2,排除,第三方组件/字体/素材；记录资源摘要，未逐行审查，声明与运行另验,43664,a5c79bc0052a07812031e6719d06a0cbe14c5509adaa2de2b4a650652e4e08d8
fonts/notoserifsc-700-4aedc5d5d4.woff2,排除,第三方组件/字体/素材；记录资源摘要，未逐行审查，声明与运行另验,1508,91956ba4635e469ad6368fb47c9493ca0718433b74a53f090875c255fb0e5d5d
fonts/notoserifsc-700-4b2f8fd1a1.woff2,排除,第三方组件/字体/素材；记录资源摘要，未逐行审查，声明与运行另验,33948,d444570f07fdfaddfa4ee58cb92a4b1e0e40a118500f5b2437b27948ea4db27c
fonts/notoserifsc-700-4fd2992a9c.woff2,排除,第三方组件/字体/素材；记录资源摘要，未逐行审查，声明与运行另验,42672,608dc19da9f6c862de83812f69b97c23dfc97e4f5bf1382f23b9706bceff1529
fonts/notoserifsc-700-4fe15e6b19.woff2,排除,第三方组件/字体/素材；记录资源摘要，未逐行审查，声明与运行另验,34056,be0dadf549633c917da52ae8b6b2592d644a389302aada3dc1bf11b889f5e23e
fonts/notoserifsc-700-50d5adf755.woff2,排除,第三方组件/字体/素材；记录资源摘要，未逐行审查，声明与运行另验,25280,b9a8422036961e337c8c6a7bb9dbae93ef40c2f2c74c53b8e9b314d1d3018469
fonts/notoserifsc-700-526b983a73.woff2,排除,第三方组件/字体/素材；记录资源摘要，未逐行审查，声明与运行另验,39396,f0c302ca5e277114255c4b9d2c649a978aa04e57a52af7932801fba31b6076cc
fonts/notoserifsc-700-5a8deb5ea9.woff2,排除,第三方组件/字体/素材；记录资源摘要，未逐行审查，声明与运行另验,43668,ba5ec347c02be33062090cc9ea76429bc90bab6a810f76f48955511ac3e824cb
fonts/notoserifsc-700-5b440b98ed.woff2,排除,第三方组件/字体/素材；记录资源摘要，未逐行审查，声明与运行另验,37848,be80984b58bbfcf61c939a0aba6faf6c9b76a6199c86ed9d4429c195cb0213b8
fonts/notoserifsc-700-5e8f9009cd.woff2,排除,第三方组件/字体/素材；记录资源摘要，未逐行审查，声明与运行另验,38828,8fe871deae368f453713cabd4b076e6cf9d9897243b27dfcbe978f1250a27bbb
fonts/notoserifsc-700-5ffe451341.woff2,排除,第三方组件/字体/素材；记录资源摘要，未逐行审查，声明与运行另验,8896,abf54b98efac2b3956452e96eaef334cc6461157a7acc0e45de4a63bb1fb6842
fonts/notoserifsc-700-627df74df8.woff2,排除,第三方组件/字体/素材；记录资源摘要，未逐行审查，声明与运行另验,5756,bf393b19487380d2d5f718fb5eadeb654f7b5bbd12ed6ffb8865c5899db1c4f7
fonts/notoserifsc-700-63d9818f9b.woff2,排除,第三方组件/字体/素材；记录资源摘要，未逐行审查，声明与运行另验,42684,754c777a8ac8ae68f9a489eb5ba1c9c6653d7ddc8d664faa6692d7fce4c16f44
fonts/notoserifsc-700-698da14ae7.woff2,排除,第三方组件/字体/素材；记录资源摘要，未逐行审查，声明与运行另验,36336,4ca495440eec375cbdbbdac269d7ba391751f7ee74e41e39f6bcc1064f53073d
fonts/notoserifsc-700-6f0ec71210.woff2,排除,第三方组件/字体/素材；记录资源摘要，未逐行审查，声明与运行另验,31692,8bb69d9bc16502a4f2029f1905b03da86c968475fccbf83e5d3606e84702da37
fonts/notoserifsc-700-6f9dcbcc86.woff2,排除,第三方组件/字体/素材；记录资源摘要，未逐行审查，声明与运行另验,5972,545a271f0bee8e4128a42766fac08d0c0498fefb044423935637347f855d6f87
fonts/notoserifsc-700-72de320f3a.woff2,排除,第三方组件/字体/素材；记录资源摘要，未逐行审查，声明与运行另验,31644,813425048480d2c341790088bbfd5845e8322da52845bcacffc652c8a1c53080
fonts/notoserifsc-700-74758ab53a.woff2,排除,第三方组件/字体/素材；记录资源摘要，未逐行审查，声明与运行另验,33432,15665174122a3cd8f20047354bb7c60fd67212a615cc0a0680e24f83e404c4fc
fonts/notoserifsc-700-7485a38a69.woff2,排除,第三方组件/字体/素材；记录资源摘要，未逐行审查，声明与运行另验,14912,5eb5b4ad7063ace92fe89bdef1d61e84f00265df738c97f8256db153d663e925
fonts/notoserifsc-700-75d0a09dc9.woff2,排除,第三方组件/字体/素材；记录资源摘要，未逐行审查，声明与运行另验,45676,01f9911a4ff2608ebe4ab673c9dc3c9e85927d86a45beef6f6e8a2e908b43918
fonts/notoserifsc-700-7794a028b2.woff2,排除,第三方组件/字体/素材；记录资源摘要，未逐行审查，声明与运行另验,27868,21c36f8737ef53553d63579629cef281f583d5935c20d8129f36a9824046282e
fonts/notoserifsc-700-79edc4afc1.woff2,排除,第三方组件/字体/素材；记录资源摘要，未逐行审查，声明与运行另验,40516,645db1cd2154c43c58b9799a11310ff13f400513d99c5af63a2d31274effb8a2
fonts/notoserifsc-700-7ca32486e5.woff2,排除,第三方组件/字体/素材；记录资源摘要，未逐行审查，声明与运行另验,43644,64bee4d549d24acb00c36c9e38d37a15d3c5244910d57a39b5ef6c09ed31f906
fonts/notoserifsc-700-7ca4c31caa.woff2,排除,第三方组件/字体/素材；记录资源摘要，未逐行审查，声明与运行另验,40112,f2dad9475b0bad5a75c3a501c62a3bdeba7e3b8dd9953bcc9edad8b5c000b6fe
fonts/notoserifsc-700-7e00e74465.woff2,排除,第三方组件/字体/素材；记录资源摘要，未逐行审查，声明与运行另验,5948,e4b52fb37f07653d526c1571ef2ddb9a35445a8118a84feea7bf56da9f57f57a
fonts/notoserifsc-700-7f5c08e800.woff2,排除,第三方组件/字体/素材；记录资源摘要，未逐行审查，声明与运行另验,41476,8e5cbc3a25b1fd4d352e4e3abf7256a04fcabea19d35460978ba4f2ae94d7cf7
fonts/notoserifsc-700-8015976d9f.woff2,排除,第三方组件/字体/素材；记录资源摘要，未逐行审查，声明与运行另验,6912,bef464f278b9a9b0df2fb838ceeec37a54dc19be041148921935da8dd3b3d4c2
fonts/notoserifsc-700-80fbfa981d.woff2,排除,第三方组件/字体/素材；记录资源摘要，未逐行审查，声明与运行另验,31692,0ceaf440b9a88488c9229f09bf62933dd3ebc0f23bd432c52ce7a11ce6754882
fonts/notoserifsc-700-84d1269c98.woff2,排除,第三方组件/字体/素材；记录资源摘要，未逐行审查，声明与运行另验,39724,2b11b5279559bebe53b79293427695ecf211b9b6d25f1140d5e7a67359d2d669
fonts/notoserifsc-700-8588c09d7a.woff2,排除,第三方组件/字体/素材；记录资源摘要，未逐行审查，声明与运行另验,33012,a8a9d6fb84464b5c689e83589fbd96a1cc5a3004a0d81fabbf5b8b5ae37a7ab1
fonts/notoserifsc-700-8598ae2169.woff2,排除,第三方组件/字体/素材；记录资源摘要，未逐行审查，声明与运行另验,33164,f35cbfac48af8ad47c091ee982a4688ffceeb0b135131f3077af3245bce27963
fonts/notoserifsc-700-897133bca8.woff2,排除,第三方组件/字体/素材；记录资源摘要，未逐行审查，声明与运行另验,40880,9e4f675808b31f1d8dcc40dac5621ca412b3b3143220d83fcf9762bf91a65d0b
fonts/notoserifsc-700-8dd039eecb.woff2,排除,第三方组件/字体/素材；记录资源摘要，未逐行审查，声明与运行另验,40032,9e73d9d21c0a0c4cf8bb91a2427be4443d6b96de617ae59217dbb0c9a8c53f17
fonts/notoserifsc-700-90647f22fc.woff2,排除,第三方组件/字体/素材；记录资源摘要，未逐行审查，声明与运行另验,22164,3e407b0b175834580e9bb377f2ea2a3d2af28fbcd8eb67f61f706b7cf4779eb4
fonts/notoserifsc-700-9084bf056e.woff2,排除,第三方组件/字体/素材；记录资源摘要，未逐行审查，声明与运行另验,30756,d0ded954e00b5133088c4f29698092ed29b0522c4e07e9d18725bab149e7f6cc
fonts/notoserifsc-700-9184f54923.woff2,排除,第三方组件/字体/素材；记录资源摘要，未逐行审查，声明与运行另验,31464,5af56b083492604f0fde0e611fd13457a8317f7a08ca4486e9991afdc5113fde
fonts/notoserifsc-700-923f562ccc.woff2,排除,第三方组件/字体/素材；记录资源摘要，未逐行审查，声明与运行另验,42896,ae10033d7f97cf6b1ca4f19b19e5eb0d31ca53e37acbd08525f7a2812d33340d
fonts/notoserifsc-700-9ac5a0eea7.woff2,排除,第三方组件/字体/素材；记录资源摘要，未逐行审查，声明与运行另验,42084,db6c26128530ca7ba6687c39cc55363c2a0387b10b779d4ea5761c1a20412bcd
fonts/notoserifsc-700-9bba5126eb.woff2,排除,第三方组件/字体/素材；记录资源摘要，未逐行审查，声明与运行另验,36328,440b693495512338c5a5e8dae49916493557cbcee86292dcedaac9271cf39ba2
fonts/notoserifsc-700-9d5392ec4c.woff2,排除,第三方组件/字体/素材；记录资源摘要，未逐行审查，声明与运行另验,49076,6835533ae05541846e97e15d22fc1498283b56b9ba70e8254c666af6b93587d1
fonts/notoserifsc-700-9dd2bb3091.woff2,排除,第三方组件/字体/素材；记录资源摘要，未逐行审查，声明与运行另验,34784,cdbb45a82df0f4a38ff4536db09ba4e6c448d7a130ee83ec68c04313ff25f127
fonts/notoserifsc-700-a0f90f34f2.woff2,排除,第三方组件/字体/素材；记录资源摘要，未逐行审查，声明与运行另验,30092,0e2c47d6e31c28d1c7120fe18a89aa3292e38ca8923d914f333c5647f444be94
fonts/notoserifsc-700-a57fcee383.woff2,排除,第三方组件/字体/素材；记录资源摘要，未逐行审查，声明与运行另验,6172,8ef39e28b871969a5be5bdcda4bb47142a8467cccb20166d325b4e8b2fc3e920
fonts/notoserifsc-700-a5ca5a4e22.woff2,排除,第三方组件/字体/素材；记录资源摘要，未逐行审查，声明与运行另验,14276,ecd0a2ce1aca144f4b2dd6aea73110b4ea1f0fc782919bc2355199935b7be539
fonts/notoserifsc-700-a63f15f457.woff2,排除,第三方组件/字体/素材；记录资源摘要，未逐行审查，声明与运行另验,43972,d503f1eefe3511b8dbaa4dfeeb0415ea15ea56ac6f28682086dac6165bf93d82
fonts/notoserifsc-700-ab2a35958b.woff2,排除,第三方组件/字体/素材；记录资源摘要，未逐行审查，声明与运行另验,34404,84d24983d485bc268828211834efc699da7b47ed19e02a7976ec34b26d0ceb84
fonts/notoserifsc-700-b3656024b8.woff2,排除,第三方组件/字体/素材；记录资源摘要，未逐行审查，声明与运行另验,35340,6edd85f024d090be283b27ebc5374baf51d21e5931fbad33eb6523ab729a4f2f
fonts/notoserifsc-700-b8b967d922.woff2,排除,第三方组件/字体/素材；记录资源摘要，未逐行审查，声明与运行另验,44940,af87f7584ed88a2d2c6b1880e2c9165cac2a60e66fd32464a8c1970fd43ffce1
fonts/notoserifsc-700-b8cc30f119.woff2,排除,第三方组件/字体/素材；记录资源摘要，未逐行审查，声明与运行另验,34772,c9db7a4755456428441e28cfe4b9dadd9eda976846eb00f68a06b771f0d89ae0
fonts/notoserifsc-700-b92d2e9b65.woff2,排除,第三方组件/字体/素材；记录资源摘要，未逐行审查，声明与运行另验,8096,f5d6f7c153f81574775e77b557588aca009a6204c217c29c1637b3869266d040
fonts/notoserifsc-700-bc8dc7d52c.woff2,排除,第三方组件/字体/素材；记录资源摘要，未逐行审查，声明与运行另验,27552,d500e9cf78a7d71748fb2e8b7929aabd6d260b6c1d7681c9a003040855b11b87
fonts/notoserifsc-700-c063e7b8b1.woff2,排除,第三方组件/字体/素材；记录资源摘要，未逐行审查，声明与运行另验,5900,00731360552d025cdb326555075a91b306f4a89dda84ff5cf96fd6cbea146ee4
fonts/notoserifsc-700-c43db2df97.woff2,排除,第三方组件/字体/素材；记录资源摘要，未逐行审查，声明与运行另验,45664,cc1d9bd17ade5c010c0ca36628d40e21d93b2289b7005a289a5196afa316fe77
fonts/notoserifsc-700-c464a6dd90.woff2,排除,第三方组件/字体/素材；记录资源摘要，未逐行审查，声明与运行另验,54604,5eedced6a115f8e88b04447eacbc3a7dcf6335b1827dd01a774f6d11ba88a8c3
fonts/notoserifsc-700-c68910fa55.woff2,排除,第三方组件/字体/素材；记录资源摘要，未逐行审查，声明与运行另验,18596,9a95913aa3f827281ad89ec6253bb71be94bb23dc3184ec3462a15acd7ff05e4
fonts/notoserifsc-700-d4fea661db.woff2,排除,第三方组件/字体/素材；记录资源摘要，未逐行审查，声明与运行另验,29296,1cbc8bf10a630371cde355f8681cd8231431140c0bdcbb70fd3f02eec097f369
fonts/notoserifsc-700-d5d27913bd.woff2,排除,第三方组件/字体/素材；记录资源摘要，未逐行审查，声明与运行另验,38556,d45258b74b32f31a4423475eb9f0574366fb3489b6d175f52965c78ead1248b8
fonts/notoserifsc-700-d6f8730406.woff2,排除,第三方组件/字体/素材；记录资源摘要，未逐行审查，声明与运行另验,23140,8a59a19ccd33875ae13e4376162fefb5a30e10438dc1768cb6099df61f7359f0
fonts/notoserifsc-700-d9d525094a.woff2,排除,第三方组件/字体/素材；记录资源摘要，未逐行审查，声明与运行另验,44916,feaf23e81bbb718693ef20d79120c30f52408f544b837b8e91e606c851ed4737
fonts/notoserifsc-700-dc80a34cf3.woff2,排除,第三方组件/字体/素材；记录资源摘要，未逐行审查，声明与运行另验,37272,f1d0b3302689776f30d8a21d51ad56ba2affc4dc384cc20b0f46a2b69896d7be
fonts/notoserifsc-700-dfc3744efb.woff2,排除,第三方组件/字体/素材；记录资源摘要，未逐行审查，声明与运行另验,39324,8ba2e61b2e2916527b3e0ca3517e56be27cd750e8e091ccb78c18f288974ae73
fonts/notoserifsc-700-e63fd263ab.woff2,排除,第三方组件/字体/素材；记录资源摘要，未逐行审查，声明与运行另验,34908,7802948e358c9fdaac06df209a706d1a44ae124d09cef5605d05bed2d9386c9e
fonts/notoserifsc-700-e776ce808f.woff2,排除,第三方组件/字体/素材；记录资源摘要，未逐行审查，声明与运行另验,42084,b4a7b9bb7bbda6c15990060df3bbfe032fa339e50fce69ea77ba509335e87700
fonts/notoserifsc-700-e8b36a7302.woff2,排除,第三方组件/字体/素材；记录资源摘要，未逐行审查，声明与运行另验,35128,6ecca00d9989017b44e9c449ed47f27de38d228e3b5fe8b40680f89d4ed5f6e7
fonts/notoserifsc-700-ea155cdd32.woff2,排除,第三方组件/字体/素材；记录资源摘要，未逐行审查，声明与运行另验,39024,471923039f5765b75d7be5e7ffefbee71e7fbbf938ea47547db9ffa0c7145735
fonts/notoserifsc-700-ed23735f11.woff2,排除,第三方组件/字体/素材；记录资源摘要，未逐行审查，声明与运行另验,32620,cfe96b7f26729aacf9ab10fd2e4b9461e6152349d196c4b593d3841c4ce33357
fonts/notoserifsc-700-f041f69055.woff2,排除,第三方组件/字体/素材；记录资源摘要，未逐行审查，声明与运行另验,44636,01e87c487d95dbb25038baec734c5d78c31bccddbfbf9d4d45f91b1b55df363e
fonts/notoserifsc-700-f1806a7dba.woff2,排除,第三方组件/字体/素材；记录资源摘要，未逐行审查，声明与运行另验,24184,1e6601e37579814daff14c379db1a5b637b42eb98a00f859faf9cf53c7ac7660
fonts/notoserifsc-700-f23f710d80.woff2,排除,第三方组件/字体/素材；记录资源摘要，未逐行审查，声明与运行另验,34460,f864090ab04d427d444ca83a4147a54fb8a7fb9ee2f4c19f4df01410b6b402bb
fonts/notoserifsc-700-f2ff680ff5.woff2,排除,第三方组件/字体/素材；记录资源摘要，未逐行审查，声明与运行另验,31220,5cb702b345e9dba5fd58d4b612ee841c640384fda2f18aa9eba9b70ace6c756f
fonts/notoserifsc-700-f8a51381c0.woff2,排除,第三方组件/字体/素材；记录资源摘要，未逐行审查，声明与运行另验,37604,ea3c240aaede8ad11dbf7f262e482a9f0c0ad00b4c5f8b315ce5660af2bc2b3f
fonts/notoserifsc-700-fb6a2593c9.woff2,排除,第三方组件/字体/素材；记录资源摘要，未逐行审查，声明与运行另验,2584,9cd0fbc628178548fa371b281a4419d5974bc4df659e6f15b7ebd0d5503dac83
fonts/notoserifsc-700-fbc0183012.woff2,排除,第三方组件/字体/素材；记录资源摘要，未逐行审查，声明与运行另验,36420,4f1cdfbed2cd50b8aabff5c9fc8d51733d3ad801ba1fce78219fe71d726dbd4d
fonts/notoserifsc-700-fe3301a0f7.woff2,排除,第三方组件/字体/素材；记录资源摘要，未逐行审查，声明与运行另验,40372,ec820396786c3dea6d839ce236b848ed14c47fe8528c61a148791d97d956f7eb
fonts/notoserifsc-700-ff14bd6165.woff2,排除,第三方组件/字体/素材；记录资源摘要，未逐行审查，声明与运行另验,35928,af7be005038886711f34d2b42280e345f8fcb0e328aaf109a250caff49671549
img/gifs/anon-b.gif,排除,第三方组件/字体/素材；记录资源摘要，未逐行审查，声明与运行另验,1504349,a546e45b54aa36a5c7f5c66382fd67111019c28835309ffc47754e2b6cd0efb3
img/gifs/anon-cry.gif,排除,第三方组件/字体/素材；记录资源摘要，未逐行审查，声明与运行另验,1353940,41bd3f55d44810ab8ac26e9120fbaf5c99ed2e31a77d5119cef0ead12d88e02e
img/gifs/anon-cry2.gif,排除,第三方组件/字体/素材；记录资源摘要，未逐行审查，声明与运行另验,1641529,701247a6dd8e6641f4aed3c840ee583647130bdf44259af97674c2f3cd3cbb34
img/gifs/anon-surrender.gif,排除,第三方组件/字体/素材；记录资源摘要，未逐行审查，声明与运行另验,1212200,246017222ee98e9e57e0254a4b6de7df610f530a11a73cf9f19335249b9b68bd
img/gifs/anon-think.gif,排除,第三方组件/字体/素材；记录资源摘要，未逐行审查，声明与运行另验,1808573,f0099b1a6d35bc2715959fd292ebe278866e36a9f04e1ae887b888c8129ff34a
img/gifs/mutsumi-cucumber.gif,排除,第三方组件/字体/素材；记录资源摘要，未逐行审查，声明与运行另验,1454290,8f14329f3823f50a55ce68e87860a3234af983c89285a00813c3868083ed6ed7
img/gifs/nyamu-shout.gif,排除,第三方组件/字体/素材；记录资源摘要，未逐行审查，声明与运行另验,1196315,b696176f6fd3ecd0f2b24e53b2cf1838ada727597d298e3e33a3c06689f37ddf
img/gifs/rana-sleep.gif,排除,第三方组件/字体/素材；记录资源摘要，未逐行审查，声明与运行另验,743465,38ec7efede2544f41bffc8d044f63422e7433b47c26d9d397da799b4fafa7906
img/gifs/sakiko-pinch.gif,排除,第三方组件/字体/素材；记录资源摘要，未逐行审查，声明与运行另验,1285836,e6328c092db4a098897ba407b44cc10b050fdf030401c8dac3f7d2f473021160
img/gifs/sakiko-shout.gif,排除,第三方组件/字体/素材；记录资源摘要，未逐行审查，声明与运行另验,1373969,743b7267646856a19058a8bd3b6e51938a6b1cb793f04d90bd1a8b29e8c4ae91
img/gifs/sakiko-work.gif,排除,第三方组件/字体/素材；记录资源摘要，未逐行审查，声明与运行另验,1153001,dd61bc44b5edddc6352137952557694289fe91ef44601788930baf1bb3ee74ff
img/gifs/soyo-bighead.gif,排除,第三方组件/字体/素材；记录资源摘要，未逐行审查，声明与运行另验,1465503,bbb8512e4cb778fb8b3d2ef256f76665d363f3c2fa51c80f18d7fa6eff710466
img/gifs/soyo-mad.gif,排除,第三方组件/字体/素材；记录资源摘要，未逐行审查，声明与运行另验,1368294,41659fc31d2f63bd0eeee4e7172465c49c5925ee0b69d70ba4936ce6b8ea0100
img/gifs/soyo-scene.gif,排除,第三方组件/字体/素材；记录资源摘要，未逐行审查，声明与运行另验,1780980,339c0355e7da4aed0770096c7291ed4f1458881db40236d9b3285575e6b77bda
img/gifs/soyo-shy.gif,排除,第三方组件/字体/素材；记录资源摘要，未逐行审查，声明与运行另验,1446608,42be3bea826c7f578532912f8eaeaa2032a678d9433ed9359824eb6124008f62
img/gifs/taki-daze.gif,排除,第三方组件/字体/素材；记录资源摘要，未逐行审查，声明与运行另验,1255152,845e26e2bb867f5cf4dc1bcfa1fae9c66d2a66eebe8b561f2c96fbc316c048d8
img/gifs/tomori-c.gif,排除,第三方组件/字体/素材；记录资源摘要，未逐行审查，声明与运行另验,1192323,774194c0f0de8132c8bee2e4078b39ea1aa8ccda832acce4dfceed48e0196146
img/gifs/tomori-pat.gif,排除,第三方组件/字体/素材；记录资源摘要，未逐行审查，声明与运行另验,1116880,6aa05c97ec61be75d40e4d9e6af333d7502576fcca64f96f80965759ab970ee8
img/gifs/tomori-sleep.gif,排除,第三方组件/字体/素材；记录资源摘要，未逐行审查，声明与运行另验,762287,a9ecbb543aa492bd4728cd590398a36c454ab20c962eefb0a807b756f1291dc2
img/gifs/uika-tea.gif,排除,第三方组件/字体/素材；记录资源摘要，未逐行审查，声明与运行另验,1441062,bc9bfde8a66bad4bb6df56469efe21f027aff2b8d00d24716c4f8ae7af6759ad
img/gifs/umiri-e.gif,排除,第三方组件/字体/素材；记录资源摘要，未逐行审查，声明与运行另验,1244246,c09ec1ef19d85aa58f6f166a75e71f5d0f0a04d78340270dd14caaf44e9cc1bf
img/gifs/umiri-happy.gif,排除,第三方组件/字体/素材；记录资源摘要，未逐行审查，声明与运行另验,1353934,1b0f39b2f3f92a77e161c683de5f2af8568fe724137bb593a39558380c798fcb
img/icon.ico,排除,第三方组件/字体/素材；记录资源摘要，未逐行审查，声明与运行另验,213515,9bf7ca9723fa0bbc1ea6cd35a1038efce198cd26ad242bc9cd6428a56425aa61
img/icon.png,排除,第三方组件/字体/素材；记录资源摘要，未逐行审查，声明与运行另验,2130678,51686372d5201a75cda2207911f161e98bc9d61811934c109146b34bc59f47c8
index-anon.html,部分审查,已检验关联入口/数据/样式路径；完整视觉和逐行验收仍待完成,509,ef6c0432bca9743f9bcfdebcdc2fa3237820ae3fe13aa7864fcbe4c23ba94549
index.html,部分审查,已检验关联入口/数据/样式路径；完整视觉和逐行验收仍待完成,47798,981dad6bb0aba5ff48ca5cf2db1ccecc0a61a4354b4b9e3ed761772aa3da7d7f
js/api.js,部分审查,重点故障路径、生命周期和相应差异已检查；全文件审查仍保留边界,38682,2836092f85acbc334adf95265fe30d6b0fe1464975ac4ee38fdb88c9c688d773
js/app-update.js,部分审查,重点故障路径、生命周期和相应差异已检查；全文件审查仍保留边界,13945,785bc495b85f34d596fb2b1e5624ea4afdd68b3ce8bb1898b289345aa799b838
js/app.js,部分审查,重点故障路径、生命周期和相应差异已检查；全文件审查仍保留边界,115149,aeee272a6ff46b7b56a68cb39ca549529e1147dddfa6ddc8c832607174c9b6fb
js/charts.js,部分审查,重点故障路径、生命周期和相应差异已检查；全文件审查仍保留边界,56587,2ea63d907a43b8de64824f37d97be81bfa9fb19354bccbd6b81c4eb528d570bf
js/dashboard-core.js,部分审查,重点故障路径、生命周期和相应差异已检查；全文件审查仍保留边界,3316,b2406f9ba123dab051d475fdc4dcb50fe11730a4d2e71c2d5334949263f422cb
js/diary.js,部分审查,重点故障路径、生命周期和相应差异已检查；全文件审查仍保留边界,9526,715172a2cad9d35cf2caed0f9cf2c43fe1b931724f3d1d40f8a0dd6bb2e95817
js/gif-icons.js,部分审查,重点故障路径、生命周期和相应差异已检查；全文件审查仍保留边界,1512,1339038e32b26e07f06ad1422d2e2d62f871dee6cae56cb28de40ee8400875f5
js/layout.js,部分审查,重点故障路径、生命周期和相应差异已检查；全文件审查仍保留边界,32920,0249728c8166bb30fa0971f96991063f98b72623eb6ffe2308419e6cbd79c323
js/live2d-companion.js,部分审查,重点故障路径、生命周期和相应差异已检查；全文件审查仍保留边界,76683,9db284ee642208ebe88383efd9f64511d535b8fcdd30303f289f4bfa375dedff
js/study-content-editor.js,部分审查,重点故障路径、生命周期和相应差异已检查；全文件审查仍保留边界,22252,15042069a57a8eeb32c2aadb4502239ed6c1b3f2a22e5f25092b92ba103d5fc8
js/study-lifecycle.js,部分审查,重点故障路径、生命周期和相应差异已检查；全文件审查仍保留边界,1786,096e38cc1efef531c1164d72a07fda35db1a72e041fbb9d89ce7d2ee4130ae95
js/study-shortcuts.js,部分审查,重点故障路径、生命周期和相应差异已检查；全文件审查仍保留边界,11076,9db7d7c23e584fdaca661b009f3d361c6eafb3adb75fc14715f1e89bb9d9225c
js/study-sync-ui.js,部分审查,重点故障路径、生命周期和相应差异已检查；全文件审查仍保留边界,18210,06010638117ca4456c356ef8f44295f851c546a2507d82b5db80b5ae2a72c904
js/study-web.js,部分审查,重点故障路径、生命周期和相应差异已检查；全文件审查仍保留边界,24627,0a3aac95d439651d3ed6c87ad9629d34e7932f4149e51e2c5965eb7c8f87addc
js/tts.js,部分审查,重点故障路径、生命周期和相应差异已检查；全文件审查仍保留边界,14864,829f26ef67d575faca171d7526fe8fc7109a14a0817b6a674e6553aeb7615803
js/ui-style.js,部分审查,重点故障路径、生命周期和相应差异已检查；全文件审查仍保留边界,3518,90d5b51f8a20c0c2e3d2418fc7fb4e226320060b6364a2e5c86d64275543d3b9
launcher.py,部分审查,重点故障路径、生命周期和相应差异已检查；全文件审查仍保留边界,64755,9ede724af67254883dc36237c92310c888ce472acd4a70f92e545160d1b63c14
live2d_service.py,部分审查,重点故障路径、生命周期和相应差异已检查；全文件审查仍保留边界,38688,9e389c47e5661cf67db446b61d5cffe2f6759af1fe06a157d783dac5a95d9d39
maimemo_auth.py,部分审查,重点故障路径、生命周期和相应差异已检查；全文件审查仍保留边界,25597,73113954f64ad62a64217867e68ff70ce0711e2bbba9a4f6c2af4d2171f3b589
memo_injection.py,部分审查,重点故障路径、生命周期和相应差异已检查；全文件审查仍保留边界,10230,0204eb4ee04401734caa396ac3a25d780ade9a9762707bfefe171ff18a15d617
memo_proxy.py,部分审查,重点故障路径、生命周期和相应差异已检查；全文件审查仍保留边界,1510,f57dc73bbcb4b49146d3024a193cb2a59ee3f27a96caa02c02fd5619bb3578c0
package-lock.json,已审查,本轮阅读或新增的完整小文件；详见问题总账,1711,f91f75c217c7bc6d3e6a02f46927da689727ec48f11a7b19cac3b5b1a755e5d3
package.json,已审查,本轮阅读或新增的完整小文件；详见问题总账,238,70264284d8cdd4ecadab32019a83bc5b6ab37080c59cca4b96908defc82eb172
pages/index.html,部分审查,已检验关联入口/数据/样式路径；完整视觉和逐行验收仍待完成,1133,5fda8bc37413e62c19a5199b29c3e6252d749d5a578e5dbcde338508ff0dca00
pages/oauth/callback.html,部分审查,已检验关联入口/数据/样式路径；完整视觉和逐行验收仍待完成,1092,ec99041afeb0c00bc8b9d90fa2f36bedd8bde2da400161fe15faaebf5e5fff04
pages/oauth/start.html,部分审查,已检验关联入口/数据/样式路径；完整视觉和逐行验收仍待完成,1620,790e827c1d8494e77bec30a2e702f610eb3d69a0f502a1f333c8a6527b6e8095
pages/privacy.html,部分审查,已检验关联入口/数据/样式路径；完整视觉和逐行验收仍待完成,1819,86ebf8088a775eb77cd03da53314231ff2b59b51540c0d3e19a9588cdcbbba8d
recommender.py,部分审查,重点故障路径、生命周期和相应差异已检查；全文件审查仍保留边界,7129,70d7aae4676d80910f9e3e1ebfbd6c749f116e5b100aa23f8014ae0d35e15455
release-guards.ps1,已审查,本轮阅读或新增的完整小文件；详见问题总账,1473,c546402cc64283f440452e4c4e490f36a7ebb28c0b0a87b165b7aa48b68007c4
release.ps1,部分审查,重点故障路径、生命周期和相应差异已检查；全文件审查仍保留边界,10517,edc211603acf2fec2513545029baea6662659d39e1f455d3279dc8f9e083d85b
requirements-build.lock,已审查,本轮阅读或新增的完整小文件；详见问题总账,377,83e120530cede571623c39d7a68aef17564ed97fab74ee2864daa6616ff697b6
schema.sql,部分审查,已检验关联入口/数据/样式路径；完整视觉和逐行验收仍待完成,2586,efc1cea08634762f1d43ac3bcf86597096143d9b24208aa90ec07d2a5d27d73f
server.py,部分审查,重点故障路径、生命周期和相应差异已检查；全文件审查仍保留边界,51451,639b8879dbc3c4c0e5df23e9191fc0c48276ff772058b7ab6168ed292fd357b0
sqlite_schema.sql,部分审查,已检验关联入口/数据/样式路径；完整视觉和逐行验收仍待完成,7663,923e3560b44b52f7295345e682f3bbcd61652ec113b4756bebc909d4417253c4
static_security.py,已审查,本轮阅读或新增的完整小文件；详见问题总账,1674,417d617502d1e4ab825ad278bb69c78af861b34c0feed7052602eb14864acd2e
study_sync.py,部分审查,重点故障路径、生命周期和相应差异已检查；全文件审查仍保留边界,56699,cf7c07290a8bacea789d2233898933937a98fb5efe5dfb1fd481011918d1e07d
tests/api-connection-race-regression.js,部分审查,统一入口已执行；新增行为用例已审阅，既有用例不视为逐行覆盖,3099,ef7273ee9c023a47f36c991d20f25a8d7d7d6bb665a57b5b83b5d0f1b96ea409
tests/app-update-ui-regression.js,部分审查,统一入口已执行；新增行为用例已审阅，既有用例不视为逐行覆盖,3103,4223aedac9e4f0537c2fb41a36822d67d803affa139d38a108ccccf5caaf1659
tests/browser/quality-hardening.js,部分审查,统一入口已执行；新增行为用例已审阅，既有用例不视为逐行覆盖,15670,6e00a409a5b17ae5984d7a0908b44333313a5c0b658b4ccaed4998f0aa9993f4
tests/browser/study-keyboard.js,部分审查,统一入口已执行；新增行为用例已审阅，既有用例不视为逐行覆盖,7698,08cfc1340a7784bc150e7261cee1e4ecb66385ca693a69d45bd5279021591f31
tests/browser/ui-contract.html,部分审查,统一入口已执行；新增行为用例已审阅，既有用例不视为逐行覆盖,475,4ad10af5c1d5607310ef0d43e5fd7d1993f54d5cbb4aef87c5498c1848962e7f
tests/companion-language-regression.js,部分审查,统一入口已执行；新增行为用例已审阅，既有用例不视为逐行覆盖,7210,ebcb47a7c29240f2c47d34008cbd3f2acd35dcd80a7e1d7a3651a01cca20e8a2
tests/companion-reminder-regression.js,部分审查,统一入口已执行；新增行为用例已审阅，既有用例不视为逐行覆盖,11224,2f671d205c999bf8dd4fb1d8580db0b1b8901ccabb7f7c28703f57e461757f34
tests/companion-tts-preload-regression.js,部分审查,统一入口已执行；新增行为用例已审阅，既有用例不视为逐行覆盖,9857,458ea167846edce016de8fe3c6717a5646c425aff5de8309db0f5009b04634fc
tests/font-gif-manifest.sha256,部分审查,统一入口已执行；新增行为用例已审阅，既有用例不视为逐行覆盖,82995,089616dc4e9499e0686f41a5a7bc1b1de0a086c377873b8a7bae5b851f606823
tests/js-regression.js,部分审查,统一入口已执行；新增行为用例已审阅，既有用例不视为逐行覆盖,15022,aeadf7daf6e9179871beb84925a705c60d7fe50e679bac85010a7acdbf8a7119
tests/js-role-upload-ui-regression.js,部分审查,统一入口已执行；新增行为用例已审阅，既有用例不视为逐行覆盖,8827,91ecb30e1586c78ed74bce9a08975f1b7a078461b9de9f9248ea620baa308e6a
tests/layout-fullscreen-regression.js,部分审查,统一入口已执行；新增行为用例已审阅，既有用例不视为逐行覆盖,9559,af6ee3aa09a33831c984e559119ff1db3e26ab0bbe63df85c79aabc3b7f7ef36
tests/live2d-renderer-diagnostics.js,部分审查,统一入口已执行；新增行为用例已审阅，既有用例不视为逐行覆盖,17569,4acd1ba42ea7a363704e89e4c47a212eba1e309dc5133d3fa8f6e03c07bd4ae5
tests/quality_coverage.py,已审查,本轮阅读或新增的完整小文件；详见问题总账,3314,0d742b5b32151c274a3460898b3e1b1a0ae84d4f65553c92cda60cd82076a9fb
tests/release-guards.ps1,部分审查,统一入口已执行；新增行为用例已审阅，既有用例不视为逐行覆盖,2199,27795240cac23ee19149ccb3653762799a1bbeae0b7c38a1d566504b7635f53d
tests/run.ps1,部分审查,统一入口已执行；新增行为用例已审阅，既有用例不视为逐行覆盖,2621,f70a7c1d166c1eb07167f7e1c82728721bd1847856cae0f858f42ebd527137ea
tests/study-keyboard-regression.js,部分审查,统一入口已执行；新增行为用例已审阅，既有用例不视为逐行覆盖,3533,7324795b09e91391cb3a52322bc0db96b566a28fa1480928ad50d4aaf494081e
tests/study-sync-session-race-regression.js,部分审查,统一入口已执行；新增行为用例已审阅，既有用例不视为逐行覆盖,2640,78ad6c9c5875e78fc3c0f57674b20e4071bf5fd4ec00dc6a351ae10206c05ad6
tests/test_app_update.py,部分审查,统一入口已执行；新增行为用例已审阅，既有用例不视为逐行覆盖,15745,2522ba9656ec139a5fb5043b2da0943c54d6963d8d9e2380e4f99cae9abf7e33
tests/test_content_api.py,部分审查,统一入口已执行；新增行为用例已审阅，既有用例不视为逐行覆盖,2147,4e505579440a38a3bb4140422f200fb046e375adeed824ca0e0426e45e00a316
tests/test_launcher_tray.py,部分审查,统一入口已执行；新增行为用例已审阅，既有用例不视为逐行覆盖,12028,406c97a5c9992ac1a468adc35d7d7c53e8093fbf2bd067cefbcf284dd81554ea
tests/test_live2d_service.py,部分审查,统一入口已执行；新增行为用例已审阅，既有用例不视为逐行覆盖,8503,a3d8070029f954fbb2fe2f7555ab1b78bf6becf8788c53be88c4b4b095709305
tests/test_maimemo_auth_api.py,部分审查,统一入口已执行；新增行为用例已审阅，既有用例不视为逐行覆盖,3447,bdb8c01221fe175626281af3a8b8e4606d6b5cf7751c4bf024115afd83fb8654
tests/test_maimemo_oauth.py,部分审查,统一入口已执行；新增行为用例已审阅，既有用例不视为逐行覆盖,5833,2b73f1a6f5832ba03106d54c5ec7805f812efe056e6864be9120ac5d367ab2e5
tests/test_quality_auth_proxy.py,部分审查,统一入口已执行；新增行为用例已审阅，既有用例不视为逐行覆盖,9244,273044418f1fc1f91666903f2ec2406882e497954c135408e0b9c3379d3d157f
tests/test_quality_data_races.py,部分审查,统一入口已执行；新增行为用例已审阅，既有用例不视为逐行覆盖,5868,1030789b9061b74588b8104164559ace69d95a604b7c396a43ebcf33febe7373
tests/test_quality_diagnostics.py,部分审查,统一入口已执行；新增行为用例已审阅，既有用例不视为逐行覆盖,1073,8069712d88d85475c19d1bc21190ab66d920034e6b6d2816f89a7d40948e48de
tests/test_quality_launcher.py,部分审查,统一入口已执行；新增行为用例已审阅，既有用例不视为逐行覆盖,4015,5a1900bb4ca2ba56433fc00cc52eacbb9e9479457837323bd3361e6a2176c497
tests/test_quality_resources.py,部分审查,统一入口已执行；新增行为用例已审阅，既有用例不视为逐行覆盖,4642,7b9684e5c08cb05f2efa3b96d7f74005f8ef00f5078c146c4e38eac8c56c451c
tests/test_regression.py,部分审查,统一入口已执行；新增行为用例已审阅，既有用例不视为逐行覆盖,10137,fdd4ed6df4daa836838c8e1ffe4d8b8bce9b7f47709ca073f5b95b48684d11a8
tests/test_sqlite_core.py,部分审查,统一入口已执行；新增行为用例已审阅，既有用例不视为逐行覆盖,8051,d3444d68b241c7f84f4d4310aa51c6ebc697d15d5a7a6ae0450b50b38f208deb
tests/test_study_sync.py,部分审查,统一入口已执行；新增行为用例已审阅，既有用例不视为逐行覆盖,18997,d3c7b48dd667b5fcf42c0ebf8462bb09c5d21685dde22e214f0794c106ccfb9a
tests/test_tts_api_roles.py,部分审查,统一入口已执行；新增行为用例已审阅，既有用例不视为逐行覆盖,13776,34af24a1c7c6df6e6c4f572ecdd4d9bf983a5e9d8ded8e249849c29fbaf3673e
tests/test_tts_hidden_worker.py,部分审查,统一入口已执行；新增行为用例已审阅，既有用例不视为逐行覆盖,4964,3f889d3520a64c940fa82f6a60072a60b983e3d90e805e514427dc0b0030478b
tests/test_tts_import.py,部分审查,统一入口已执行；新增行为用例已审阅，既有用例不视为逐行覆盖,1526,dbebaa69aa28f2bfd2edc51956b6abb23eb9c893f5873504f730a0bc6a764c5d
tests/test_tts_options.py,部分审查,统一入口已执行；新增行为用例已审阅，既有用例不视为逐行覆盖,4700,c481a40d2b1405254e8b6222db2e829225a3dbfc98d563c7d005f80dd3040b12
tests/test_tts_pack_mount.py,部分审查,统一入口已执行；新增行为用例已审阅，既有用例不视为逐行覆盖,23786,25cb3b556ea53bee403147337d7e0bf41c4cb195f44321406e1cc4521b35f782
tests/test_tts_persona_json.py,部分审查,统一入口已执行；新增行为用例已审阅，既有用例不视为逐行覆盖,8368,fb2aa3a83745e11e6e12aa8d415a4170948df7cfc9b8defb42095f8489cd97a9
tests/test_tts_roles.py,部分审查,统一入口已执行；新增行为用例已审阅，既有用例不视为逐行覆盖,9369,953f9cf6ba9e792b03fe4280a11bd6fc239c5191b6b318c43cce36022ddd7d34
tests/test_tts_transaction_runtime.py,部分审查,统一入口已执行；新增行为用例已审阅，既有用例不视为逐行覆盖,21247,b7cb68375f84c87e1051931bc5ddd9844c6813e0a2a2a09c21f14e903533ae1b
tests/test_web_proxy.py,部分审查,统一入口已执行；新增行为用例已审阅，既有用例不视为逐行覆盖,1659,115b7cd64448c591bae5f8e20ac3fa2cdb02c02153ff787eca800c3925f9cf4b
tests/test_windows_tray.py,部分审查,统一入口已执行；新增行为用例已审阅，既有用例不视为逐行覆盖,1936,bf7a213e38fd238ed8fb97ef8fe145c9e74a41589456be9f19de8a11883bc321
tests/tts-cold-start-timeout-regression.js,部分审查,统一入口已执行；新增行为用例已审阅，既有用例不视为逐行覆盖,4512,59888666807165d3b9baa522e79d4b0b5e11784f54a02cffb1d96b924fccb20e
tests/tts-pack-mount-regression.js,部分审查,统一入口已执行；新增行为用例已审阅，既有用例不视为逐行覆盖,6516,9f92f906811c7e39ebf26fe630ba070a3862ee79158f778ce3a9868f985d9d42
tests/tts-playback-regression.js,部分审查,统一入口已执行；新增行为用例已审阅，既有用例不视为逐行覆盖,5774,482b59c72f1580493a6a798103cff86853d96335e9dafd0ad4b68c5f06e65d0c
tests/tts-single-flight-persona-regression.js,部分审查,统一入口已执行；新增行为用例已审阅，既有用例不视为逐行覆盖,12794,5e6f1cc8005f3a83ba75de9422469603898d5a84bf122b16b148356acedcb72a
tests/tts-status-race-regression.js,部分审查,统一入口已执行；新增行为用例已审阅，既有用例不视为逐行覆盖,2542,7b771b3b4332237717f361e2c45f21c011e5c785b4cd2e2fc55a41e22c766ffd
tts.py,部分审查,重点故障路径、生命周期和相应差异已检查；全文件审查仍保留边界,152483,58a6fabd9b3b0a9579c6f9a3d157a2ffd8e11ad23400029e4ff1328754b0de13
vendor/echarts-LICENSE-d3.txt,排除,第三方组件/字体/素材；记录资源摘要，未逐行审查，声明与运行另验,1473,f45fc174436fd999779e61aec220b32e486eae56098a5b86bfafdf936baef59f
vendor/echarts-LICENSE.txt,排除,第三方组件/字体/素材；记录资源摘要，未逐行审查，声明与运行另验,10771,7a29f151417ab82a6447cbc74e1be5c6a07b53b746b2e82595ddfefe90538e24
vendor/echarts-NOTICE.txt,排除,第三方组件/字体/素材；记录资源摘要，未逐行审查，声明与运行另验,169,4dd56fd5a0ac348fb8cf5dc46d8ce0a7090fb1856ce39c5baa90e13f9ae356c1
vendor/echarts.min.js,排除,第三方组件/字体/素材；记录资源摘要，未逐行审查，声明与运行另验,1029248,d2e86aedf20056e80d88ba224f309ffbf1777a8807fd602cb2292225df3640d1
vendor/live2d/NOTICE.txt,排除,第三方组件/字体/素材；记录资源摘要，未逐行审查，声明与运行另验,881,806c1b0c1ea911d700584fda9a716dc43016fac82923ee77c087fb22d1c04079
vendor/live2d/live2d-2.1.min.js,排除,第三方组件/字体/素材；记录资源摘要，未逐行审查，声明与运行另验,129056,e4ea1f18bdd44b65394ffd5a1bab16982e88757d45134d1bd0737c8a6b3ddd08
vendor/live2d/live2dcubismcore.min.js,排除,第三方组件/字体/素材；记录资源摘要，未逐行审查，声明与运行另验,207155,25ae938cb4fe282ce189b357bcc97e603d1e1f7ec78bf04150d401c23cdc792f
vendor/live2d/pixi-6.5.10.min.js,排除,第三方组件/字体/素材；记录资源摘要，未逐行审查，声明与运行另验,460333,403f2f2ee8145fa17f60c5c89403056efe2680e5096ec2762036486914ed19c5
vendor/live2d/pixi-LICENSE.txt,排除,第三方组件/字体/素材；记录资源摘要，未逐行审查，声明与运行另验,1092,536a16e090f0b6c1454a7c0b47ee8414a39a2f1724a154f10ca1edc750a2dcfd
vendor/live2d/pixi-live2d-display-0.4.0.min.js,排除,第三方组件/字体/素材；记录资源摘要，未逐行审查，声明与运行另验,126855,a89a80b019293dd22ff7357469569fdc456011f93535ded81bfa3f592d64fa6e
vendor/live2d/pixi-live2d-display-LICENSE,排除,第三方组件/字体/素材；记录资源摘要，未逐行审查，声明与运行另验,1061,8ccace668a041e78ed525d091b0b5daf8b623ff447f912616de535415e4f302f
windows_tray.py,部分审查,重点故障路径、生命周期和相应差异已检查；全文件审查仍保留边界,27362,71b7c72e49415f629e7b8df77b7f041dc40acc9514291d319ef4b16372e73449
